INFO ESPHome 2026.5.0
INFO Reading configuration esp32-10-ant.yaml...
WARNING The 'custom_components' folder is deprecated and will be removed in 2026.6.0. Please use 'external_components' instead. See https://esphome.io/components/external_components.html for more information.
INFO Detected timezone 'Europe/Kiev'
WARNING GPIO2 is a strapping PIN and should only be used for I/O with care.
Attaching external pullup/down resistors to strapping pins can cause unexpected failures.
See https://esphome.io/guides/faq/#why-am-i-getting-a-warning-about-strapping-pins
WARNING WiFi AP is configured but neither captive_portal nor web_server is enabled. The AP will not be usable for configuration or monitoring. Add 'captive_portal:' or 'web_server:' to your configuration.
INFO Generating C++ source...
INFO Deleting /config/esphome/.esphome/build/esp32-10-ant/.pioenvs
INFO Deleting /config/esphome/.esphome/build/esp32-10-ant/dependencies.lock
INFO Deleting /config/esphome/.esphome/build/esp32-10-ant/managed_components
INFO Integrations changed, cleaning cmake cache...
INFO Compiling app... Build path: /config/esphome/.esphome/build/esp32-10-ant
Processing [36m[1mesp32-10-ant[0m (board: esp32dev; framework: espidf; platform: https://github.com/pioarduino/platform-espressif32/releases/download/55.03.38-1/platform-espressif32.zip)
[1m--------------------------------------------------------------------------------[0m
[0mHARDWARE: ESP32 240MHz, 320KB RAM, 4MB Flash
[0m - contrib-piohome @ 3.4.4 
[0m - framework-espidf @ 3.50504.0 (5.5.4) 
[0m - tool-cmake @ 4.0.3 
[0m - tool-esp-rom-elfs @ 2024.10.11 
[0m - tool-esptoolpy @ 5.2.0 
[0m - tool-ninja @ 1.13.1 
[0m - tool-scons @ 4.40801.0 (4.8.1) 
[0m - tool-xtensa-esp-elf-gdb @ 16.3.0+20250913 
[0m - toolchain-xtensa-esp-elf @ 14.2.0+20260121
[33mUsing Python 3.12.10 environment at: /root/.platformio/penv/.espidf-5.5.4
[0mReading CMake configuration...
[0mGenerating assembly for certificate bundle...
[0mNo dependencies
[0mCompiling .pioenvs/esp32-10-ant/src/esphome/components/api/api_buffer.cpp.o
[0mCompiling .pioenvs/esp32-10-ant/src/esphome/components/api/api_connection.cpp.o
[0mCompiling .pioenvs/esp32-10-ant/src/esphome/components/api/api_frame_helper.cpp.o
[0mCompiling .pioenvs/esp32-10-ant/src/esphome/components/api/api_frame_helper_plaintext.cpp.o
[0mCompiling .pioenvs/esp32-10-ant/src/esphome/components/api/api_overflow_buffer.cpp.o
[0mCompiling .pioenvs/esp32-10-ant/src/esphome/components/api/api_pb2.cpp.o
[0mCompiling .pioenvs/esp32-10-ant/src/esphome/components/api/api_pb2_service.cpp.o
[0mCompiling .pioenvs/esp32-10-ant/src/esphome/components/api/api_server.cpp.o
[0mCompiling .pioenvs/esp32-10-ant/src/esphome/components/api/list_entities.cpp.o
[0mCompiling .pioenvs/esp32-10-ant/src/esphome/components/api/proto.cpp.o
[0mCompiling .pioenvs/esp32-10-ant/src/esphome/components/api/subscribe_state.cpp.o
[0mCompiling .pioenvs/esp32-10-ant/src/esphome/components/binary_sensor/automation.cpp.o
[0mCompiling .pioenvs/esp32-10-ant/src/esphome/components/binary_sensor/binary_sensor.cpp.o
[0mCompiling .pioenvs/esp32-10-ant/src/esphome/components/binary_sensor/filter.cpp.o
[0mCompiling .pioenvs/esp32-10-ant/src/esphome/components/ble_client/automation.cpp.o
[0mCompiling .pioenvs/esp32-10-ant/src/esphome/components/ble_client/ble_client.cpp.o
[0mCompiling .pioenvs/esp32-10-ant/src/esphome/components/ble_presence/ble_presence_device.cpp.o
[0mCompiling .pioenvs/esp32-10-ant/src/esphome/components/ble_rssi/ble_rssi_sensor.cpp.o
[0mCompiling .pioenvs/esp32-10-ant/src/esphome/components/button/button.cpp.o
[0mCompiling .pioenvs/esp32-10-ant/src/esphome/components/esp32/core.cpp.o
[0mCompiling .pioenvs/esp32-10-ant/src/esphome/components/esp32/crash_handler.cpp.o
[0mCompiling .pioenvs/esp32-10-ant/src/esphome/components/esp32/gpio.cpp.o
[0mCompiling .pioenvs/esp32-10-ant/src/esphome/components/esp32/hal.cpp.o
[0mCompiling .pioenvs/esp32-10-ant/src/esphome/components/esp32/helpers.cpp.o
[0mCompiling .pioenvs/esp32-10-ant/src/esphome/components/esp32/preferences.cpp.o
[0mCompiling .pioenvs/esp32-10-ant/src/esphome/components/esp32/printf_stubs.cpp.o
[0mCompiling .pioenvs/esp32-10-ant/src/esphome/components/esp32/throw_stubs.cpp.o
[0mCompiling .pioenvs/esp32-10-ant/src/esphome/components/esp32_ble/ble.cpp.o
[0mCompiling .pioenvs/esp32-10-ant/src/esphome/components/esp32_ble/ble_advertising.cpp.o
[0mCompiling .pioenvs/esp32-10-ant/src/esphome/components/esp32_ble/ble_uuid.cpp.o
[0mCompiling .pioenvs/esp32-10-ant/src/esphome/components/esp32_ble_client/ble_characteristic.cpp.o
[0mCompiling .pioenvs/esp32-10-ant/src/esphome/components/esp32_ble_client/ble_client_base.cpp.o
[0mCompiling .pioenvs/esp32-10-ant/src/esphome/components/esp32_ble_client/ble_service.cpp.o
[0mCompiling .pioenvs/esp32-10-ant/src/esphome/components/esp32_ble_tracker/esp32_ble_tracker.cpp.o
[0mCompiling .pioenvs/esp32-10-ant/src/esphome/components/esphome/ota/ota_esphome.cpp.o
[0mCompiling .pioenvs/esp32-10-ant/src/esphome/components/homeassistant/time/homeassistant_time.cpp.o
[0mCompiling .pioenvs/esp32-10-ant/src/esphome/components/json/json_util.cpp.o
[0mCompiling .pioenvs/esp32-10-ant/src/esphome/components/logger/logger.cpp.o
[0mCompiling .pioenvs/esp32-10-ant/src/esphome/components/logger/logger_esp32.cpp.o
[0mCompiling .pioenvs/esp32-10-ant/src/esphome/components/logger/task_log_buffer_esp32.cpp.o
[0mCompiling .pioenvs/esp32-10-ant/src/esphome/components/md5/md5.cpp.o
[0mCompiling .pioenvs/esp32-10-ant/src/esphome/components/mdns/mdns_component.cpp.o
[0mCompiling .pioenvs/esp32-10-ant/src/esphome/components/mdns/mdns_esp32.cpp.o
[0mCompiling .pioenvs/esp32-10-ant/src/esphome/components/mqtt/custom_mqtt_device.cpp.o
[0mCompiling .pioenvs/esp32-10-ant/src/esphome/components/mqtt/mqtt_alarm_control_panel.cpp.o
[0mCompiling .pioenvs/esp32-10-ant/src/esphome/components/mqtt/mqtt_backend_esp32.cpp.o
[0mCompiling .pioenvs/esp32-10-ant/src/esphome/components/mqtt/mqtt_binary_sensor.cpp.o
[0mCompiling .pioenvs/esp32-10-ant/src/esphome/components/mqtt/mqtt_button.cpp.o
[0mCompiling .pioenvs/esp32-10-ant/src/esphome/components/mqtt/mqtt_client.cpp.o
[0mCompiling .pioenvs/esp32-10-ant/src/esphome/components/mqtt/mqtt_climate.cpp.o
[0mCompiling .pioenvs/esp32-10-ant/src/esphome/components/mqtt/mqtt_component.cpp.o
[0mCompiling .pioenvs/esp32-10-ant/src/esphome/components/mqtt/mqtt_cover.cpp.o
[0mCompiling .pioenvs/esp32-10-ant/src/esphome/components/mqtt/mqtt_date.cpp.o
[0mCompiling .pioenvs/esp32-10-ant/src/esphome/components/mqtt/mqtt_datetime.cpp.o
[0mCompiling .pioenvs/esp32-10-ant/src/esphome/components/mqtt/mqtt_event.cpp.o
[0mCompiling .pioenvs/esp32-10-ant/src/esphome/components/mqtt/mqtt_fan.cpp.o
[0mCompiling .pioenvs/esp32-10-ant/src/esphome/components/mqtt/mqtt_light.cpp.o
[0mCompiling .pioenvs/esp32-10-ant/src/esphome/components/mqtt/mqtt_lock.cpp.o
[0mCompiling .pioenvs/esp32-10-ant/src/esphome/components/mqtt/mqtt_number.cpp.o
[0mCompiling .pioenvs/esp32-10-ant/src/esphome/components/mqtt/mqtt_select.cpp.o
[0mCompiling .pioenvs/esp32-10-ant/src/esphome/components/mqtt/mqtt_sensor.cpp.o
[0mCompiling .pioenvs/esp32-10-ant/src/esphome/components/mqtt/mqtt_switch.cpp.o
[0mCompiling .pioenvs/esp32-10-ant/src/esphome/components/mqtt/mqtt_text.cpp.o
[0mCompiling .pioenvs/esp32-10-ant/src/esphome/components/mqtt/mqtt_text_sensor.cpp.o
[0mCompiling .pioenvs/esp32-10-ant/src/esphome/components/mqtt/mqtt_time.cpp.o
[0mCompiling .pioenvs/esp32-10-ant/src/esphome/components/mqtt/mqtt_update.cpp.o
[0mCompiling .pioenvs/esp32-10-ant/src/esphome/components/mqtt/mqtt_valve.cpp.o
[0mCompiling .pioenvs/esp32-10-ant/src/esphome/components/network/util.cpp.o
[0mCompiling .pioenvs/esp32-10-ant/src/esphome/components/ota/ota_backend.cpp.o
[0mCompiling .pioenvs/esp32-10-ant/src/esphome/components/ota/ota_backend_esp_idf.cpp.o
[0mCompiling .pioenvs/esp32-10-ant/src/esphome/components/ota/ota_bootloader_esp_idf.cpp.o
[0mCompiling .pioenvs/esp32-10-ant/src/esphome/components/ota/ota_partitions_esp_idf.cpp.o
[0mCompiling .pioenvs/esp32-10-ant/src/esphome/components/restart/switch/restart_switch.cpp.o
[0mCompiling .pioenvs/esp32-10-ant/src/esphome/components/safe_mode/button/safe_mode_button.cpp.o
[0mCompiling .pioenvs/esp32-10-ant/src/esphome/components/safe_mode/safe_mode.cpp.o
[0mCompiling .pioenvs/esp32-10-ant/src/esphome/components/sensor/automation.cpp.o
[0mCompiling .pioenvs/esp32-10-ant/src/esphome/components/sensor/filter.cpp.o
[0mCompiling .pioenvs/esp32-10-ant/src/esphome/components/sensor/sensor.cpp.o
[0mCompiling .pioenvs/esp32-10-ant/src/esphome/components/sha256/sha256.cpp.o
[0mCompiling .pioenvs/esp32-10-ant/src/esphome/components/socket/bsd_sockets_impl.cpp.o
[0mCompiling .pioenvs/esp32-10-ant/src/esphome/components/socket/socket.cpp.o
[0mCompiling .pioenvs/esp32-10-ant/src/esphome/components/status_led/status_led.cpp.o
[0mCompiling .pioenvs/esp32-10-ant/src/esphome/components/switch/automation.cpp.o
[0mCompiling .pioenvs/esp32-10-ant/src/esphome/components/switch/switch.cpp.o
[0mCompiling .pioenvs/esp32-10-ant/src/esphome/components/template/text_sensor/template_text_sensor.cpp.o
[0mCompiling .pioenvs/esp32-10-ant/src/esphome/components/text_sensor/filter.cpp.o
[0mCompiling .pioenvs/esp32-10-ant/src/esphome/components/text_sensor/text_sensor.cpp.o
[0mCompiling .pioenvs/esp32-10-ant/src/esphome/components/time/automation.cpp.o
[0mCompiling .pioenvs/esp32-10-ant/src/esphome/components/time/posix_tz.cpp.o
[0mCompiling .pioenvs/esp32-10-ant/src/esphome/components/time/real_time_clock.cpp.o
[0mCompiling .pioenvs/esp32-10-ant/src/esphome/components/uptime/sensor/uptime_seconds_sensor.cpp.o
[0mCompiling .pioenvs/esp32-10-ant/src/esphome/components/uptime/sensor/uptime_timestamp_sensor.cpp.o
[0mCompiling .pioenvs/esp32-10-ant/src/esphome/components/watchdog/watchdog.cpp.o
[0mCompiling .pioenvs/esp32-10-ant/src/esphome/components/wifi/wifi_component.cpp.o
[0mCompiling .pioenvs/esp32-10-ant/src/esphome/components/wifi/wifi_component_esp_idf.cpp.o
[0mCompiling .pioenvs/esp32-10-ant/src/esphome/components/wifi_signal/wifi_signal_sensor.cpp.o
[0mCompiling .pioenvs/esp32-10-ant/src/esphome/core/alloc_helpers.cpp.o
[0mCompiling .pioenvs/esp32-10-ant/src/esphome/core/application.cpp.o
[0mCompiling .pioenvs/esp32-10-ant/src/esphome/core/build_info_data.cpp.o
[0mCompiling .pioenvs/esp32-10-ant/src/esphome/core/color.cpp.o
[0mCompiling .pioenvs/esp32-10-ant/src/esphome/core/component.cpp.o
[0mCompiling .pioenvs/esp32-10-ant/src/esphome/core/component_iterator.cpp.o
[0mCompiling .pioenvs/esp32-10-ant/src/esphome/core/controller_registry.cpp.o
[0mCompiling .pioenvs/esp32-10-ant/src/esphome/core/entity_base.cpp.o
[0mCompiling .pioenvs/esp32-10-ant/src/esphome/core/gpio.cpp.o
[0mCompiling .pioenvs/esp32-10-ant/src/esphome/core/helpers.cpp.o
[0mCompiling .pioenvs/esp32-10-ant/src/esphome/core/log.cpp.o
[0mCompiling .pioenvs/esp32-10-ant/src/esphome/core/lwip_fast_select.c.o
[0mCompiling .pioenvs/esp32-10-ant/src/esphome/core/main_task.c.o
[0mCompiling .pioenvs/esp32-10-ant/src/esphome/core/scheduler.cpp.o
[0mCompiling .pioenvs/esp32-10-ant/src/esphome/core/static_task.cpp.o
[0mCompiling .pioenvs/esp32-10-ant/src/esphome/core/time.cpp.o
[0mCompiling .pioenvs/esp32-10-ant/src/esphome/core/util.cpp.o
[0mCompiling .pioenvs/esp32-10-ant/src/esphome/core/wake/wake_freertos.cpp.o
[0mCompiling .pioenvs/esp32-10-ant/src/main.cpp.o
[0mGenerating LD script .pioenvs/esp32-10-ant/esp-idf/esp_system/ld/memory.ld.in
[0mGenerating LD script .pioenvs/esp32-10-ant/esp-idf/esp_system/ld/sections.ld.in
[0mCompiling .pioenvs/esp32-10-ant/app_trace/app_trace.c.o
[0mGenerating LD script .pioenvs/esp32-10-ant/memory.ld
[0mCompiling .pioenvs/esp32-10-ant/app_trace/app_trace_util.c.o
[0mCompiling .pioenvs/esp32-10-ant/app_trace/host_file_io.c.o
[0mCompiling .pioenvs/esp32-10-ant/app_trace/port/port_uart.c.o
[0mCompiling .pioenvs/esp32-10-ant/app_update/esp_ota_ops.c.o
[0mArchiving .pioenvs/esp32-10-ant/esp-idf/app_trace/libapp_trace.a
[0mIndexing .pioenvs/esp32-10-ant/esp-idf/app_trace/libapp_trace.a
[0mCompiling .pioenvs/esp32-10-ant/app_update/esp_ota_app_desc.c.o
[0mCompiling .pioenvs/esp32-10-ant/bootloader_support/src/bootloader_common.c.o
[0mCompiling .pioenvs/esp32-10-ant/bootloader_support/src/bootloader_common_loader.c.o
[0mCompiling .pioenvs/esp32-10-ant/bootloader_support/src/bootloader_clock_init.c.o
[0mArchiving .pioenvs/esp32-10-ant/esp-idf/app_update/libapp_update.a
[0mIndexing .pioenvs/esp32-10-ant/esp-idf/app_update/libapp_update.a
[0mCompiling .pioenvs/esp32-10-ant/bootloader_support/src/bootloader_mem.c.o
[0mCompiling .pioenvs/esp32-10-ant/bootloader_support/src/bootloader_random.c.o
[0mCompiling .pioenvs/esp32-10-ant/bootloader_support/src/bootloader_efuse.c.o
[0mCompiling .pioenvs/esp32-10-ant/bootloader_support/src/flash_encrypt.c.o
[0mCompiling .pioenvs/esp32-10-ant/bootloader_support/src/secure_boot.c.o
[0mCompiling .pioenvs/esp32-10-ant/bootloader_support/src/bootloader_random_esp32.c.o
[0mCompiling .pioenvs/esp32-10-ant/bootloader_support/bootloader_flash/src/bootloader_flash.c.o
[0mCompiling .pioenvs/esp32-10-ant/bootloader_support/bootloader_flash/src/flash_qio_mode.c.o
[0mCompiling .pioenvs/esp32-10-ant/bootloader_support/bootloader_flash/src/bootloader_flash_config_esp32.c.o
[0mCompiling .pioenvs/esp32-10-ant/bootloader_support/src/bootloader_utility.c.o
[0mCompiling .pioenvs/esp32-10-ant/bootloader_support/src/flash_partitions.c.o
[0mCompiling .pioenvs/esp32-10-ant/bootloader_support/src/esp_image_format.c.o
[0mCompiling .pioenvs/esp32-10-ant/bootloader_support/src/bootloader_sha.c.o
[0mCompiling .pioenvs/esp32-10-ant/bootloader_support/src/esp32/secure_boot_secure_features.c.o
[0mCompiling .pioenvs/esp32-10-ant/bt/controller/esp32/bt.c.o
[0mArchiving .pioenvs/esp32-10-ant/esp-idf/bootloader_support/libbootloader_support.a
[0mCompiling .pioenvs/esp32-10-ant/bt/controller/esp32/hli_api.c.o
[0mIndexing .pioenvs/esp32-10-ant/esp-idf/bootloader_support/libbootloader_support.a
[0mCompiling .pioenvs/esp32-10-ant/bt/controller/esp32/hli_vectors.S.o
[0mCompiling .pioenvs/esp32-10-ant/bt/common/btc/core/btc_alarm.c.o
[0mCompiling .pioenvs/esp32-10-ant/bt/common/api/esp_blufi_api.c.o
[0mCompiling .pioenvs/esp32-10-ant/bt/common/hci_log/bt_hci_log.c.o
[0mCompiling .pioenvs/esp32-10-ant/bt/common/btc/core/btc_manage.c.o
[0mCompiling .pioenvs/esp32-10-ant/bt/common/btc/core/btc_task.c.o
[0mCompiling .pioenvs/esp32-10-ant/bt/common/btc/profile/esp/blufi/blufi_prf.c.o
[0mCompiling .pioenvs/esp32-10-ant/bt/common/btc/profile/esp/blufi/blufi_protocol.c.o
[0m[33mIn file included from [01m[Ksrc/esphome/core/gpio.h:8[m[K,
[0m[33m                 from [01m[Ksrc/esphome/core/hal.h:4[m[K,
[0m[33m                 from [01m[Ksrc/esphome/core/component.h:9[m[K,
[0m[33m                 from [01m[Ksrc/esphome/core/application.h:10[m[K,
[0m[33m                 from [01m[Ksrc/esphome/components/api/api_frame_helper.h:14[m[K,
[0m[33m                 from [01m[Ksrc/esphome/components/api/api_connection.h:5[m[K,
[0m[33m                 from [01m[Ksrc/esphome.h:4[m[K,
[0m[33m                 from [01m[Ksrc/main.cpp:3[m[K:
[0m[33m[01m[Kesp32-10-ant.yaml:[m[K In lambda function:
[0m[33m[01m[Kesp32-10-ant.yaml:35:61:[m[K [01;35m[Kwarning: [m[K'[01m[Kstd::string esphome::esp32_ble::ESPBTUUID::[01;32m[Kto_string[m[K() const[m[K' is deprecated: Use to_str() instead. Removed in 2026.8.0 [[01;35m[K-Wdeprecated-declarations[m[K]
[0m[33m[01m[Ksrc/esphome/core/log.h:119:99:[m[K [01;36m[Knote: [m[Kin definition of macro '[01m[Kesph_log_i[m[K'
[0m[33m  119 |   ::esphome::esp_log_printf_(ESPHOME_LOG_LEVEL_INFO, tag, __LINE__, ESPHOME_LOG_FORMAT(format), ##[01;36m[K__VA_ARGS__[m[K)
[0m      |                                                                                                   [01;36m[K^~~~~~~~~~~[m[K
[33m[01m[Kesp32-10-ant.yaml:35:9:[m[K [01;36m[Knote: [m[Kin expansion of macro '[01m[KESP_LOGI[m[K'
[0m[33mIn file included from [01m[Ksrc/esphome/components/esp32_ble/ble.h:5[m[K,
[0m[33m                 from [01m[Ksrc/esphome/components/esp32_ble_tracker/esp32_ble_tracker.h:29[m[K,
[0m[33m                 from [01m[Ksrc/esphome/components/esp32_ble_client/ble_client_base.h:5[m[K,
[0m[33m                 from [01m[Ksrc/esphome/components/ble_client/ble_client.h:3[m[K,
[0m[33m                 from [01m[Ksrc/esphome/components/ble_client/automation.h:9[m[K,
[0m[33m                 from [01m[Ksrc/esphome.h:24[m[K:
[0m[33m[01m[Ksrc/esphome/components/esp32_ble/ble_uuid.h:51:15:[m[K [01;36m[Knote: [m[Kdeclared here
[0m[33m   51 |   std::string [01;36m[Kto_string[m[K() const;  // NOLINT
[0m      |               [01;36m[K^~~~~~~~~[m[K
[0mCompiling .pioenvs/esp32-10-ant/bt/common/osi/alarm.c.o
[0mCompiling .pioenvs/esp32-10-ant/bt/common/osi/allocator.c.o
[0mCompiling .pioenvs/esp32-10-ant/bt/common/osi/buffer.c.o
[0mCompiling .pioenvs/esp32-10-ant/bt/common/osi/config.c.o
[0mCompiling .pioenvs/esp32-10-ant/bt/common/osi/fixed_queue.c.o
[0mCompiling .pioenvs/esp32-10-ant/bt/common/osi/pkt_queue.c.o
[0mCompiling .pioenvs/esp32-10-ant/bt/common/osi/fixed_pkt_queue.c.o
[0mCompiling .pioenvs/esp32-10-ant/bt/common/osi/future.c.o
[0mCompiling .pioenvs/esp32-10-ant/bt/common/osi/hash_functions.c.o
[0mCompiling .pioenvs/esp32-10-ant/bt/common/osi/hash_map.c.o
[0mCompiling .pioenvs/esp32-10-ant/bt/common/osi/list.c.o
[0mCompiling .pioenvs/esp32-10-ant/bt/common/osi/mutex.c.o
[0mCompiling .pioenvs/esp32-10-ant/bt/common/osi/thread.c.o
[0mCompiling .pioenvs/esp32-10-ant/bt/common/osi/osi.c.o
[0mCompiling .pioenvs/esp32-10-ant/bt/common/osi/semaphore.c.o
[0mCompiling .pioenvs/esp32-10-ant/bt/porting/mem/bt_osi_mem.c.o
[0mCompiling .pioenvs/esp32-10-ant/bt/common/ble_log/ble_log_spi_out.c.o
[0mCompiling .pioenvs/esp32-10-ant/bt/common/ble_log/ble_log_uhci_out.c.o
[0mCompiling .pioenvs/esp32-10-ant/bt/host/bluedroid/api/esp_a2dp_api.c.o
[0mCompiling .pioenvs/esp32-10-ant/bt/host/bluedroid/api/esp_avrc_api.c.o
[0mCompiling .pioenvs/esp32-10-ant/bt/host/bluedroid/api/esp_bluedroid_hci.c.o
[0mCompiling .pioenvs/esp32-10-ant/bt/host/bluedroid/api/esp_bt_device.c.o
[0mCompiling .pioenvs/esp32-10-ant/bt/host/bluedroid/api/esp_bt_main.c.o
[0mCompiling .pioenvs/esp32-10-ant/bt/host/bluedroid/api/esp_gap_ble_api.c.o
[0mCompiling .pioenvs/esp32-10-ant/bt/host/bluedroid/api/esp_gap_bt_api.c.o
[0mCompiling .pioenvs/esp32-10-ant/bt/host/bluedroid/api/esp_gatt_common_api.c.o
[0mCompiling .pioenvs/esp32-10-ant/bt/host/bluedroid/api/esp_gattc_api.c.o
[0mCompiling .pioenvs/esp32-10-ant/bt/host/bluedroid/api/esp_gatts_api.c.o
[0mCompiling .pioenvs/esp32-10-ant/bt/host/bluedroid/api/esp_hidd_api.c.o
[0mCompiling .pioenvs/esp32-10-ant/bt/host/bluedroid/api/esp_hidh_api.c.o
[0mCompiling .pioenvs/esp32-10-ant/bt/host/bluedroid/api/esp_hf_ag_api.c.o
[0mCompiling .pioenvs/esp32-10-ant/bt/host/bluedroid/api/esp_hf_client_api.c.o
[0mCompiling .pioenvs/esp32-10-ant/bt/host/bluedroid/api/esp_spp_api.c.o
[0mCompiling .pioenvs/esp32-10-ant/bt/host/bluedroid/api/esp_sdp_api.c.o
[0mCompiling .pioenvs/esp32-10-ant/bt/host/bluedroid/api/esp_l2cap_bt_api.c.o
[0mCompiling .pioenvs/esp32-10-ant/bt/host/bluedroid/api/esp_pbac_api.c.o
[0mCompiling .pioenvs/esp32-10-ant/bt/host/bluedroid/bta/ar/bta_ar.c.o
[0mCompiling .pioenvs/esp32-10-ant/bt/host/bluedroid/bta/av/bta_av_aact.c.o
[0mCompiling .pioenvs/esp32-10-ant/bt/host/bluedroid/bta/av/bta_av_act.c.o
[0mCompiling .pioenvs/esp32-10-ant/bt/host/bluedroid/bta/av/bta_av_api.c.o
[0mCompiling .pioenvs/esp32-10-ant/bt/host/bluedroid/bta/av/bta_av_ca_act.c.o
[0mCompiling .pioenvs/esp32-10-ant/bt/host/bluedroid/bta/av/bta_av_ca_sm.c.o
[0mCompiling .pioenvs/esp32-10-ant/bt/host/bluedroid/bta/av/bta_av_cfg.c.o
[0mCompiling .pioenvs/esp32-10-ant/bt/host/bluedroid/bta/av/bta_av_ci.c.o
[0mCompiling .pioenvs/esp32-10-ant/bt/host/bluedroid/bta/av/bta_av_main.c.o
[0mCompiling .pioenvs/esp32-10-ant/bt/host/bluedroid/bta/av/bta_av_sbc.c.o
[0mCompiling .pioenvs/esp32-10-ant/bt/host/bluedroid/bta/av/bta_av_ssm.c.o
[0mCompiling .pioenvs/esp32-10-ant/bt/host/bluedroid/bta/dm/bta_dm_act.c.o
[0mCompiling .pioenvs/esp32-10-ant/bt/host/bluedroid/bta/dm/bta_dm_api.c.o
[0mCompiling .pioenvs/esp32-10-ant/bt/host/bluedroid/bta/dm/bta_dm_cfg.c.o
[0mCompiling .pioenvs/esp32-10-ant/bt/host/bluedroid/bta/dm/bta_dm_ci.c.o
[0mCompiling .pioenvs/esp32-10-ant/bt/host/bluedroid/bta/dm/bta_dm_co.c.o
[0mCompiling .pioenvs/esp32-10-ant/bt/host/bluedroid/bta/dm/bta_dm_main.c.o
[0mCompiling .pioenvs/esp32-10-ant/bt/host/bluedroid/bta/dm/bta_dm_pm.c.o
[0mCompiling .pioenvs/esp32-10-ant/bt/host/bluedroid/bta/dm/bta_dm_sco.c.o
[0mCompiling .pioenvs/esp32-10-ant/bt/host/bluedroid/bta/dm/bta_dm_qos.c.o
[0mCompiling .pioenvs/esp32-10-ant/bt/host/bluedroid/bta/gatt/bta_gatt_common.c.o
[0mCompiling .pioenvs/esp32-10-ant/bt/host/bluedroid/bta/gatt/bta_gattc_act.c.o
[0mCompiling .pioenvs/esp32-10-ant/bt/host/bluedroid/bta/gatt/bta_gattc_api.c.o
[0mCompiling .pioenvs/esp32-10-ant/bt/host/bluedroid/bta/gatt/bta_gattc_cache.c.o
[0mCompiling .pioenvs/esp32-10-ant/bt/host/bluedroid/bta/gatt/bta_gattc_ci.c.o
[0mCompiling .pioenvs/esp32-10-ant/bt/host/bluedroid/bta/gatt/bta_gattc_co.c.o
[0mCompiling .pioenvs/esp32-10-ant/bt/host/bluedroid/bta/gatt/bta_gattc_main.c.o
[0mCompiling .pioenvs/esp32-10-ant/bt/host/bluedroid/bta/gatt/bta_gattc_utils.c.o
[0mCompiling .pioenvs/esp32-10-ant/bt/host/bluedroid/bta/gatt/bta_gatts_act.c.o
[0mCompiling .pioenvs/esp32-10-ant/bt/host/bluedroid/bta/gatt/bta_gatts_api.c.o
[0mCompiling .pioenvs/esp32-10-ant/bt/host/bluedroid/bta/gatt/bta_gatts_co.c.o
[0mCompiling .pioenvs/esp32-10-ant/bt/host/bluedroid/bta/gatt/bta_gatts_main.c.o
[0mCompiling .pioenvs/esp32-10-ant/bt/host/bluedroid/bta/gatt/bta_gatts_utils.c.o
[0mCompiling .pioenvs/esp32-10-ant/bt/host/bluedroid/bta/hd/bta_hd_api.c.o
[0mCompiling .pioenvs/esp32-10-ant/bt/host/bluedroid/bta/hd/bta_hd_act.c.o
[0mCompiling .pioenvs/esp32-10-ant/bt/host/bluedroid/bta/hd/bta_hd_main.c.o
[0mCompiling .pioenvs/esp32-10-ant/bt/host/bluedroid/bta/hh/bta_hh_act.c.o
[0mCompiling .pioenvs/esp32-10-ant/bt/host/bluedroid/bta/hh/bta_hh_api.c.o
[0mCompiling .pioenvs/esp32-10-ant/bt/host/bluedroid/bta/hh/bta_hh_cfg.c.o
[0mCompiling .pioenvs/esp32-10-ant/bt/host/bluedroid/bta/hh/bta_hh_le.c.o
[0mCompiling .pioenvs/esp32-10-ant/bt/host/bluedroid/bta/hh/bta_hh_main.c.o
[0mCompiling .pioenvs/esp32-10-ant/bt/host/bluedroid/bta/hh/bta_hh_utils.c.o
[0mCompiling .pioenvs/esp32-10-ant/bt/host/bluedroid/bta/jv/bta_jv_act.c.o
[0mCompiling .pioenvs/esp32-10-ant/bt/host/bluedroid/bta/jv/bta_jv_api.c.o
[0mCompiling .pioenvs/esp32-10-ant/bt/host/bluedroid/bta/jv/bta_jv_cfg.c.o
[0mCompiling .pioenvs/esp32-10-ant/bt/host/bluedroid/bta/jv/bta_jv_main.c.o
[0mCompiling .pioenvs/esp32-10-ant/bt/host/bluedroid/bta/hf_ag/bta_ag_act.c.o
[0mCompiling .pioenvs/esp32-10-ant/bt/host/bluedroid/bta/hf_ag/bta_ag_api.c.o
[0mCompiling .pioenvs/esp32-10-ant/bt/host/bluedroid/bta/hf_ag/bta_ag_at.c.o
[0mCompiling .pioenvs/esp32-10-ant/bt/host/bluedroid/bta/hf_ag/bta_ag_cfg.c.o
[0mCompiling .pioenvs/esp32-10-ant/bt/host/bluedroid/bta/hf_ag/bta_ag_cmd.c.o
[0mCompiling .pioenvs/esp32-10-ant/bt/host/bluedroid/bta/hf_ag/bta_ag_main.c.o
[0mCompiling .pioenvs/esp32-10-ant/bt/host/bluedroid/bta/hf_ag/bta_ag_rfc.c.o
[0mCompiling .pioenvs/esp32-10-ant/bt/host/bluedroid/bta/hf_ag/bta_ag_sco.c.o
[0mCompiling .pioenvs/esp32-10-ant/bt/host/bluedroid/bta/hf_ag/bta_ag_sdp.c.o
[0mCompiling .pioenvs/esp32-10-ant/bt/host/bluedroid/bta/hf_client/bta_hf_client_act.c.o
[0mCompiling .pioenvs/esp32-10-ant/bt/host/bluedroid/bta/hf_client/bta_hf_client_api.c.o
[0mCompiling .pioenvs/esp32-10-ant/bt/host/bluedroid/bta/hf_client/bta_hf_client_at.c.o
[0mCompiling .pioenvs/esp32-10-ant/bt/host/bluedroid/bta/hf_client/bta_hf_client_cmd.c.o
[0mCompiling .pioenvs/esp32-10-ant/bt/host/bluedroid/bta/hf_client/bta_hf_client_main.c.o
[0mCompiling .pioenvs/esp32-10-ant/bt/host/bluedroid/bta/hf_client/bta_hf_client_rfc.c.o
[0mCompiling .pioenvs/esp32-10-ant/bt/host/bluedroid/bta/hf_client/bta_hf_client_sco.c.o
[0mCompiling .pioenvs/esp32-10-ant/bt/host/bluedroid/bta/hf_client/bta_hf_client_sdp.c.o
[0mCompiling .pioenvs/esp32-10-ant/bt/host/bluedroid/bta/pba/bta_pba_client_act.c.o
[0mCompiling .pioenvs/esp32-10-ant/bt/host/bluedroid/bta/pba/bta_pba_client_api.c.o
[0mCompiling .pioenvs/esp32-10-ant/bt/host/bluedroid/bta/pba/bta_pba_client_main.c.o
[0mCompiling .pioenvs/esp32-10-ant/bt/host/bluedroid/bta/pba/bta_pba_client_sdp.c.o
[0mCompiling .pioenvs/esp32-10-ant/bt/host/bluedroid/bta/sdp/bta_sdp.c.o
[0mCompiling .pioenvs/esp32-10-ant/bt/host/bluedroid/bta/sdp/bta_sdp_act.c.o
[0mCompiling .pioenvs/esp32-10-ant/bt/host/bluedroid/bta/sdp/bta_sdp_api.c.o
[0mCompiling .pioenvs/esp32-10-ant/bt/host/bluedroid/bta/sdp/bta_sdp_cfg.c.o
[0mCompiling .pioenvs/esp32-10-ant/bt/host/bluedroid/bta/sys/bta_sys_conn.c.o
[0mCompiling .pioenvs/esp32-10-ant/bt/host/bluedroid/bta/sys/bta_sys_main.c.o
[0mCompiling .pioenvs/esp32-10-ant/bt/host/bluedroid/bta/sys/utl.c.o
[0mCompiling .pioenvs/esp32-10-ant/bt/host/bluedroid/btc/core/btc_ble_storage.c.o
[0mCompiling .pioenvs/esp32-10-ant/bt/host/bluedroid/btc/core/btc_config.c.o
[0mCompiling .pioenvs/esp32-10-ant/bt/host/bluedroid/btc/core/btc_dev.c.o
[0mCompiling .pioenvs/esp32-10-ant/bt/host/bluedroid/btc/core/btc_dm.c.o
[0mCompiling .pioenvs/esp32-10-ant/bt/host/bluedroid/btc/core/btc_main.c.o
[0mCompiling .pioenvs/esp32-10-ant/bt/host/bluedroid/btc/core/btc_profile_queue.c.o
[0mCompiling .pioenvs/esp32-10-ant/bt/host/bluedroid/btc/core/btc_sec.c.o
[0mCompiling .pioenvs/esp32-10-ant/bt/host/bluedroid/btc/core/btc_sm.c.o
[0mCompiling .pioenvs/esp32-10-ant/bt/host/bluedroid/btc/core/btc_storage.c.o
[0mCompiling .pioenvs/esp32-10-ant/bt/host/bluedroid/btc/core/btc_util.c.o
[0mCompiling .pioenvs/esp32-10-ant/bt/host/bluedroid/btc/profile/std/a2dp/bta_av_co.c.o
[0mCompiling .pioenvs/esp32-10-ant/bt/host/bluedroid/btc/profile/std/a2dp/btc_a2dp.c.o
[0mCompiling .pioenvs/esp32-10-ant/bt/host/bluedroid/btc/profile/std/a2dp/btc_a2dp_control.c.o
[0mCompiling .pioenvs/esp32-10-ant/bt/host/bluedroid/btc/profile/std/a2dp/btc_a2dp_sink.c.o
[0mCompiling .pioenvs/esp32-10-ant/bt/host/bluedroid/btc/profile/std/a2dp/btc_a2dp_sink_ext_coedc.c.o
[0mCompiling .pioenvs/esp32-10-ant/bt/host/bluedroid/btc/profile/std/a2dp/btc_a2dp_source.c.o
[0mCompiling .pioenvs/esp32-10-ant/bt/host/bluedroid/btc/profile/std/a2dp/btc_a2dp_source_ext_codec.c.o
[0mCompiling .pioenvs/esp32-10-ant/bt/host/bluedroid/btc/profile/std/a2dp/btc_av.c.o
[0mCompiling .pioenvs/esp32-10-ant/bt/host/bluedroid/btc/profile/std/avrc/btc_avrc.c.o
[0mCompiling .pioenvs/esp32-10-ant/bt/host/bluedroid/btc/profile/std/avrc/bta_avrc_co.c.o
[0mCompiling .pioenvs/esp32-10-ant/bt/host/bluedroid/btc/profile/std/hf_ag/bta_ag_co.c.o
[0mCompiling .pioenvs/esp32-10-ant/bt/host/bluedroid/btc/profile/std/hf_ag/btc_hf_ag.c.o
[0mCompiling .pioenvs/esp32-10-ant/bt/host/bluedroid/btc/profile/std/hf_client/btc_hf_client.c.o
[0mCompiling .pioenvs/esp32-10-ant/bt/host/bluedroid/btc/profile/std/hf_client/bta_hf_client_co.c.o
[0mCompiling .pioenvs/esp32-10-ant/bt/host/bluedroid/btc/profile/std/hid/btc_hd.c.o
[0mCompiling .pioenvs/esp32-10-ant/bt/host/bluedroid/btc/profile/std/hid/btc_hh.c.o
[0mCompiling .pioenvs/esp32-10-ant/bt/host/bluedroid/btc/profile/std/hid/bta_hh_co.c.o
[0mCompiling .pioenvs/esp32-10-ant/bt/host/bluedroid/btc/profile/std/gap/btc_gap_ble.c.o
[0mCompiling .pioenvs/esp32-10-ant/bt/host/bluedroid/btc/profile/std/gap/btc_gap_bt.c.o
[0mCompiling .pioenvs/esp32-10-ant/bt/host/bluedroid/btc/profile/std/gap/bta_gap_bt_co.c.o
[0mCompiling .pioenvs/esp32-10-ant/bt/host/bluedroid/btc/profile/std/gatt/btc_gatt_common.c.o
[0mCompiling .pioenvs/esp32-10-ant/bt/host/bluedroid/btc/profile/std/gatt/btc_gatt_util.c.o
[0mCompiling .pioenvs/esp32-10-ant/bt/host/bluedroid/btc/profile/std/gatt/btc_gattc.c.o
[0mCompiling .pioenvs/esp32-10-ant/bt/host/bluedroid/btc/profile/std/gatt/btc_gatts.c.o
[0mCompiling .pioenvs/esp32-10-ant/bt/host/bluedroid/btc/profile/std/spp/btc_spp.c.o
[0mCompiling .pioenvs/esp32-10-ant/bt/host/bluedroid/btc/profile/std/sdp/btc_sdp.c.o
[0mCompiling .pioenvs/esp32-10-ant/bt/host/bluedroid/btc/profile/std/l2cap/btc_l2cap.c.o
[0mCompiling .pioenvs/esp32-10-ant/bt/host/bluedroid/btc/profile/std/pba/btc_pba_client.c.o
[0mCompiling .pioenvs/esp32-10-ant/bt/host/bluedroid/device/bdaddr.c.o
[0mCompiling .pioenvs/esp32-10-ant/bt/host/bluedroid/device/controller.c.o
[0mCompiling .pioenvs/esp32-10-ant/bt/host/bluedroid/device/interop.c.o
[0mCompiling .pioenvs/esp32-10-ant/bt/host/bluedroid/hci/hci_audio.c.o
[0mCompiling .pioenvs/esp32-10-ant/bt/host/bluedroid/hci/hci_hal_h4.c.o
[0mCompiling .pioenvs/esp32-10-ant/bt/host/bluedroid/hci/hci_layer.c.o
[0mCompiling .pioenvs/esp32-10-ant/bt/host/bluedroid/hci/hci_packet_factory.c.o
[0mCompiling .pioenvs/esp32-10-ant/bt/host/bluedroid/hci/hci_packet_parser.c.o
[0mCompiling .pioenvs/esp32-10-ant/bt/host/bluedroid/hci/packet_fragmenter.c.o
[0mCompiling .pioenvs/esp32-10-ant/bt/host/bluedroid/main/bte_init.c.o
[0mCompiling .pioenvs/esp32-10-ant/bt/host/bluedroid/main/bte_main.c.o
[0mCompiling .pioenvs/esp32-10-ant/bt/host/bluedroid/stack/a2dp/a2d_api.c.o
[0mCompiling .pioenvs/esp32-10-ant/bt/host/bluedroid/stack/a2dp/a2d_sbc.c.o
[0mCompiling .pioenvs/esp32-10-ant/bt/host/bluedroid/stack/avct/avct_api.c.o
[0mCompiling .pioenvs/esp32-10-ant/bt/host/bluedroid/stack/avct/avct_ccb.c.o
[0mCompiling .pioenvs/esp32-10-ant/bt/host/bluedroid/stack/avct/avct_l2c.c.o
[0mCompiling .pioenvs/esp32-10-ant/bt/host/bluedroid/stack/avct/avct_lcb.c.o
[0mCompiling .pioenvs/esp32-10-ant/bt/host/bluedroid/stack/avct/avct_lcb_act.c.o
[0mCompiling .pioenvs/esp32-10-ant/bt/host/bluedroid/stack/avdt/avdt_ad.c.o
[0mCompiling .pioenvs/esp32-10-ant/bt/host/bluedroid/stack/avdt/avdt_api.c.o
[0mCompiling .pioenvs/esp32-10-ant/bt/host/bluedroid/stack/avdt/avdt_ccb.c.o
[0mCompiling .pioenvs/esp32-10-ant/bt/host/bluedroid/stack/avdt/avdt_ccb_act.c.o
[0mCompiling .pioenvs/esp32-10-ant/bt/host/bluedroid/stack/avdt/avdt_l2c.c.o
[0mCompiling .pioenvs/esp32-10-ant/bt/host/bluedroid/stack/avdt/avdt_msg.c.o
[0mCompiling .pioenvs/esp32-10-ant/bt/host/bluedroid/stack/avdt/avdt_scb.c.o
[0mCompiling .pioenvs/esp32-10-ant/bt/host/bluedroid/stack/avdt/avdt_scb_act.c.o
[0mCompiling .pioenvs/esp32-10-ant/bt/host/bluedroid/stack/avrc/avrc_api.c.o
[0mCompiling .pioenvs/esp32-10-ant/bt/host/bluedroid/stack/avrc/avrc_bld_ct.c.o
[0mCompiling .pioenvs/esp32-10-ant/bt/host/bluedroid/stack/avrc/avrc_bld_tg.c.o
[0mCompiling .pioenvs/esp32-10-ant/bt/host/bluedroid/stack/avrc/avrc_opt.c.o
[0mCompiling .pioenvs/esp32-10-ant/bt/host/bluedroid/stack/avrc/avrc_pars_ct.c.o
[0mCompiling .pioenvs/esp32-10-ant/bt/host/bluedroid/stack/avrc/avrc_pars_tg.c.o
[0mCompiling .pioenvs/esp32-10-ant/bt/host/bluedroid/stack/avrc/avrc_sdp.c.o
[0mCompiling .pioenvs/esp32-10-ant/bt/host/bluedroid/stack/avrc/avrc_utils.c.o
[0mCompiling .pioenvs/esp32-10-ant/bt/host/bluedroid/stack/hid/hidd_api.c.o
[0mCompiling .pioenvs/esp32-10-ant/bt/host/bluedroid/stack/hid/hidd_conn.c.o
[0mCompiling .pioenvs/esp32-10-ant/bt/host/bluedroid/stack/hid/hidh_api.c.o
[0mCompiling .pioenvs/esp32-10-ant/bt/host/bluedroid/stack/hid/hidh_conn.c.o
[0mCompiling .pioenvs/esp32-10-ant/bt/host/bluedroid/stack/btm/btm_acl.c.o
[0mCompiling .pioenvs/esp32-10-ant/bt/host/bluedroid/stack/btm/btm_ble.c.o
[0mCompiling .pioenvs/esp32-10-ant/bt/host/bluedroid/stack/btm/btm_ble_addr.c.o
[0mCompiling .pioenvs/esp32-10-ant/bt/host/bluedroid/stack/btm/btm_ble_adv_filter.c.o
[0mCompiling .pioenvs/esp32-10-ant/bt/host/bluedroid/stack/btm/btm_ble_batchscan.c.o
[0mCompiling .pioenvs/esp32-10-ant/bt/host/bluedroid/stack/btm/btm_ble_bgconn.c.o
[0mCompiling .pioenvs/esp32-10-ant/bt/host/bluedroid/stack/btm/btm_ble_cont_energy.c.o
[0mCompiling .pioenvs/esp32-10-ant/bt/host/bluedroid/stack/btm/btm_ble_gap.c.o
[0mCompiling .pioenvs/esp32-10-ant/bt/host/bluedroid/stack/btm/btm_ble_5_gap.c.o
[0mCompiling .pioenvs/esp32-10-ant/bt/host/bluedroid/stack/btm/btm_ble_multi_adv.c.o
[0mCompiling .pioenvs/esp32-10-ant/bt/host/bluedroid/stack/btm/btm_ble_privacy.c.o
[0mCompiling .pioenvs/esp32-10-ant/bt/host/bluedroid/stack/btm/btm_dev.c.o
[0mCompiling .pioenvs/esp32-10-ant/bt/host/bluedroid/stack/btm/btm_devctl.c.o
[0mCompiling .pioenvs/esp32-10-ant/bt/host/bluedroid/stack/btm/btm_inq.c.o
[0mCompiling .pioenvs/esp32-10-ant/bt/host/bluedroid/stack/btm/btm_main.c.o
[0mCompiling .pioenvs/esp32-10-ant/bt/host/bluedroid/stack/btm/btm_pm.c.o
[0mCompiling .pioenvs/esp32-10-ant/bt/host/bluedroid/stack/btm/btm_sco.c.o
[0mCompiling .pioenvs/esp32-10-ant/bt/host/bluedroid/stack/btm/btm_sec.c.o
[0mCompiling .pioenvs/esp32-10-ant/bt/host/bluedroid/stack/btu/btu_hcif.c.o
[0mCompiling .pioenvs/esp32-10-ant/bt/host/bluedroid/stack/btu/btu_init.c.o
[0mCompiling .pioenvs/esp32-10-ant/bt/host/bluedroid/stack/btu/btu_task.c.o
[0mCompiling .pioenvs/esp32-10-ant/bt/host/bluedroid/stack/gap/gap_api.c.o
[0mCompiling .pioenvs/esp32-10-ant/bt/host/bluedroid/stack/gap/gap_ble.c.o
[0mCompiling .pioenvs/esp32-10-ant/bt/host/bluedroid/stack/gap/gap_conn.c.o
[0mCompiling .pioenvs/esp32-10-ant/bt/host/bluedroid/stack/gap/gap_utils.c.o
[0mCompiling .pioenvs/esp32-10-ant/bt/host/bluedroid/stack/gatt/att_protocol.c.o
[0mCompiling .pioenvs/esp32-10-ant/bt/host/bluedroid/stack/gatt/gatt_api.c.o
[0mCompiling .pioenvs/esp32-10-ant/bt/host/bluedroid/stack/gatt/gatt_attr.c.o
[0mCompiling .pioenvs/esp32-10-ant/bt/host/bluedroid/stack/gatt/gatt_auth.c.o
[0mCompiling .pioenvs/esp32-10-ant/bt/host/bluedroid/stack/gatt/gatt_cl.c.o
[0mCompiling .pioenvs/esp32-10-ant/bt/host/bluedroid/stack/gatt/gatt_db.c.o
[0mCompiling .pioenvs/esp32-10-ant/bt/host/bluedroid/stack/gatt/gatt_main.c.o
[0mCompiling .pioenvs/esp32-10-ant/bt/host/bluedroid/stack/gatt/gatt_sr.c.o
[0mCompiling .pioenvs/esp32-10-ant/bt/host/bluedroid/stack/gatt/gatt_sr_hash.c.o
[0mCompiling .pioenvs/esp32-10-ant/bt/host/bluedroid/stack/gatt/gatt_utils.c.o
[0mCompiling .pioenvs/esp32-10-ant/bt/host/bluedroid/stack/goep/goepc_api.c.o
[0mCompiling .pioenvs/esp32-10-ant/bt/host/bluedroid/stack/goep/goepc_main.c.o
[0mCompiling .pioenvs/esp32-10-ant/bt/host/bluedroid/stack/hcic/hciblecmds.c.o
[0mCompiling .pioenvs/esp32-10-ant/bt/host/bluedroid/stack/hcic/hcicmds.c.o
[0mCompiling .pioenvs/esp32-10-ant/bt/host/bluedroid/stack/l2cap/l2c_api.c.o
[0mCompiling .pioenvs/esp32-10-ant/bt/host/bluedroid/stack/l2cap/l2c_ble.c.o
[0mCompiling .pioenvs/esp32-10-ant/bt/host/bluedroid/stack/l2cap/l2c_csm.c.o
[0mCompiling .pioenvs/esp32-10-ant/bt/host/bluedroid/stack/l2cap/l2c_fcr.c.o
[0mCompiling .pioenvs/esp32-10-ant/bt/host/bluedroid/stack/l2cap/l2c_link.c.o
[0mCompiling .pioenvs/esp32-10-ant/bt/host/bluedroid/stack/l2cap/l2c_main.c.o
[0mCompiling .pioenvs/esp32-10-ant/bt/host/bluedroid/stack/l2cap/l2c_ucd.c.o
[0mCompiling .pioenvs/esp32-10-ant/bt/host/bluedroid/stack/l2cap/l2c_utils.c.o
[0mCompiling .pioenvs/esp32-10-ant/bt/host/bluedroid/stack/l2cap/l2cap_client.c.o
[0mCompiling .pioenvs/esp32-10-ant/bt/host/bluedroid/stack/obex/obex_api.c.o
[0mCompiling .pioenvs/esp32-10-ant/bt/host/bluedroid/stack/obex/obex_main.c.o
[0mCompiling .pioenvs/esp32-10-ant/bt/host/bluedroid/stack/obex/obex_tl_l2cap.c.o
[0mCompiling .pioenvs/esp32-10-ant/bt/host/bluedroid/stack/obex/obex_tl_rfcomm.c.o
[0mCompiling .pioenvs/esp32-10-ant/bt/host/bluedroid/stack/rfcomm/port_api.c.o
[0mCompiling .pioenvs/esp32-10-ant/bt/host/bluedroid/stack/rfcomm/port_rfc.c.o
[0mCompiling .pioenvs/esp32-10-ant/bt/host/bluedroid/stack/rfcomm/port_utils.c.o
[0mCompiling .pioenvs/esp32-10-ant/bt/host/bluedroid/stack/rfcomm/rfc_l2cap_if.c.o
[0mCompiling .pioenvs/esp32-10-ant/bt/host/bluedroid/stack/rfcomm/rfc_mx_fsm.c.o
[0mCompiling .pioenvs/esp32-10-ant/bt/host/bluedroid/stack/rfcomm/rfc_port_fsm.c.o
[0mCompiling .pioenvs/esp32-10-ant/bt/host/bluedroid/stack/rfcomm/rfc_port_if.c.o
[0mCompiling .pioenvs/esp32-10-ant/bt/host/bluedroid/stack/rfcomm/rfc_ts_frames.c.o
[0mCompiling .pioenvs/esp32-10-ant/bt/host/bluedroid/stack/rfcomm/rfc_utils.c.o
[0mCompiling .pioenvs/esp32-10-ant/bt/host/bluedroid/stack/sdp/sdp_api.c.o
[0mCompiling .pioenvs/esp32-10-ant/bt/host/bluedroid/stack/sdp/sdp_db.c.o
[0mCompiling .pioenvs/esp32-10-ant/bt/host/bluedroid/stack/sdp/sdp_discovery.c.o
[0mCompiling .pioenvs/esp32-10-ant/bt/host/bluedroid/stack/sdp/sdp_main.c.o
[0mCompiling .pioenvs/esp32-10-ant/bt/host/bluedroid/stack/sdp/sdp_server.c.o
[0mCompiling .pioenvs/esp32-10-ant/bt/host/bluedroid/stack/sdp/sdp_utils.c.o
[0mCompiling .pioenvs/esp32-10-ant/bt/host/bluedroid/stack/smp/aes.c.o
[0mCompiling .pioenvs/esp32-10-ant/bt/host/bluedroid/stack/smp/p_256_curvepara.c.o
[0mCompiling .pioenvs/esp32-10-ant/bt/host/bluedroid/stack/smp/p_256_ecc_pp.c.o
[0mCompiling .pioenvs/esp32-10-ant/bt/host/bluedroid/stack/smp/p_256_multprecision.c.o
[0mCompiling .pioenvs/esp32-10-ant/bt/host/bluedroid/stack/smp/smp_act.c.o
[0mCompiling .pioenvs/esp32-10-ant/bt/host/bluedroid/stack/smp/smp_api.c.o
[0mCompiling .pioenvs/esp32-10-ant/bt/host/bluedroid/stack/smp/smp_br_main.c.o
[0mCompiling .pioenvs/esp32-10-ant/bt/host/bluedroid/stack/smp/smp_cmac.c.o
[0mCompiling .pioenvs/esp32-10-ant/bt/host/bluedroid/stack/smp/smp_keys.c.o
[0mCompiling .pioenvs/esp32-10-ant/bt/host/bluedroid/stack/smp/smp_l2c.c.o
[0mCompiling .pioenvs/esp32-10-ant/bt/host/bluedroid/stack/smp/smp_main.c.o
[0mCompiling .pioenvs/esp32-10-ant/bt/host/bluedroid/stack/smp/smp_utils.c.o
[0mCompiling .pioenvs/esp32-10-ant/bt/host/bluedroid/config/stack_config.c.o
[0mCompiling .pioenvs/esp32-10-ant/bt/common/btc/profile/esp/blufi/bluedroid_host/esp_blufi.c.o
[0mCompiling .pioenvs/esp32-10-ant/bt/common/tinycrypt/src/utils.c.o
[0mCompiling .pioenvs/esp32-10-ant/bt/common/tinycrypt/src/sha256.c.o
[0mCompiling .pioenvs/esp32-10-ant/bt/common/tinycrypt/src/ecc.c.o
[0mCompiling .pioenvs/esp32-10-ant/bt/common/tinycrypt/src/ctr_prng.c.o
[0mCompiling .pioenvs/esp32-10-ant/bt/common/tinycrypt/src/ctr_mode.c.o
[0mCompiling .pioenvs/esp32-10-ant/bt/common/tinycrypt/src/aes_decrypt.c.o
[0mCompiling .pioenvs/esp32-10-ant/bt/common/tinycrypt/src/aes_encrypt.c.o
[0mCompiling .pioenvs/esp32-10-ant/bt/common/tinycrypt/src/ccm_mode.c.o
[0mCompiling .pioenvs/esp32-10-ant/bt/common/tinycrypt/src/ecc_dsa.c.o
[0mCompiling .pioenvs/esp32-10-ant/bt/common/tinycrypt/src/cmac_mode.c.o
[0mCompiling .pioenvs/esp32-10-ant/bt/common/tinycrypt/src/ecc_dh.c.o
[0mCompiling .pioenvs/esp32-10-ant/bt/common/tinycrypt/src/hmac_prng.c.o
[0mCompiling .pioenvs/esp32-10-ant/bt/common/tinycrypt/src/ecc_platform_specific.c.o
[0mCompiling .pioenvs/esp32-10-ant/bt/common/tinycrypt/src/hmac.c.o
[0mCompiling .pioenvs/esp32-10-ant/bt/common/tinycrypt/src/cbc_mode.c.o
[0mCompiling .pioenvs/esp32-10-ant/bt/common/tinycrypt/port/esp_tinycrypt_port.c.o
[0mCompiling .pioenvs/esp32-10-ant/console/commands.c.o
[0mArchiving .pioenvs/esp32-10-ant/esp-idf/bt/libbt.a
[0mCompiling .pioenvs/esp32-10-ant/console/esp_console_common.c.o
[0mCompiling .pioenvs/esp32-10-ant/console/esp_console_repl_internal.c.o
[0mIndexing .pioenvs/esp32-10-ant/esp-idf/bt/libbt.a
[0mCompiling .pioenvs/esp32-10-ant/console/split_argv.c.o
[0mCompiling .pioenvs/esp32-10-ant/console/linenoise/linenoise.c.o
[0mCompiling .pioenvs/esp32-10-ant/console/esp_console_repl_chip.c.o
[0mCompiling .pioenvs/esp32-10-ant/console/argtable3/arg_cmd.c.o
[0mCompiling .pioenvs/esp32-10-ant/console/argtable3/arg_date.c.o
[0mCompiling .pioenvs/esp32-10-ant/console/argtable3/arg_dbl.c.o
[0mCompiling .pioenvs/esp32-10-ant/console/argtable3/arg_dstr.c.o
[0mCompiling .pioenvs/esp32-10-ant/console/argtable3/arg_end.c.o
[0mCompiling .pioenvs/esp32-10-ant/console/argtable3/arg_file.c.o
[0mCompiling .pioenvs/esp32-10-ant/console/argtable3/arg_hashtable.c.o
[0mCompiling .pioenvs/esp32-10-ant/console/argtable3/arg_int.c.o
[0mCompiling .pioenvs/esp32-10-ant/console/argtable3/arg_lit.c.o
[0mCompiling .pioenvs/esp32-10-ant/console/argtable3/arg_rem.c.o
[0mCompiling .pioenvs/esp32-10-ant/console/argtable3/arg_rex.c.o
[0mCompiling .pioenvs/esp32-10-ant/console/argtable3/arg_str.c.o
[0mCompiling .pioenvs/esp32-10-ant/console/argtable3/arg_utils.c.o
[0mCompiling .pioenvs/esp32-10-ant/console/argtable3/argtable3.c.o
[0mCompiling .pioenvs/esp32-10-ant/cxx/cxx_exception_stubs.cpp.o
[0mCompiling .pioenvs/esp32-10-ant/cxx/cxx_guards.cpp.o
[0mCompiling .pioenvs/esp32-10-ant/cxx/cxx_init.cpp.o
[0mCompiling .pioenvs/esp32-10-ant/efuse/esp32/esp_efuse_table.c.o
[0mArchiving .pioenvs/esp32-10-ant/esp-idf/console/libconsole.a
[0mIndexing .pioenvs/esp32-10-ant/esp-idf/console/libconsole.a
[0mCompiling .pioenvs/esp32-10-ant/efuse/esp32/esp_efuse_fields.c.o
[0mCompiling .pioenvs/esp32-10-ant/efuse/esp32/esp_efuse_utility.c.o
[0mCompiling .pioenvs/esp32-10-ant/efuse/src/esp_efuse_api.c.o
[0mCompiling .pioenvs/esp32-10-ant/efuse/src/esp_efuse_fields.c.o
[0mArchiving .pioenvs/esp32-10-ant/esp-idf/cxx/libcxx.a
[0mIndexing .pioenvs/esp32-10-ant/esp-idf/cxx/libcxx.a
[0mCompiling .pioenvs/esp32-10-ant/efuse/src/esp_efuse_utility.c.o
[0mCompiling .pioenvs/esp32-10-ant/efuse/src/efuse_controller/keys/without_key_purposes/three_key_blocks/esp_efuse_api_key.c.o
[0mCompiling .pioenvs/esp32-10-ant/efuse/src/esp_efuse_startup.c.o
[0mCompiling .pioenvs/esp32-10-ant/esp-tls/esp_tls.c.o
[0mCompiling .pioenvs/esp32-10-ant/esp-tls/esp-tls-crypto/esp_tls_crypto.c.o
[0mCompiling .pioenvs/esp32-10-ant/esp-tls/esp_tls_error_capture.c.o
[0mArchiving .pioenvs/esp32-10-ant/esp-idf/efuse/libefuse.a
[0mIndexing .pioenvs/esp32-10-ant/esp-idf/efuse/libefuse.a
[0mCompiling .pioenvs/esp32-10-ant/esp-tls/esp_tls_platform_port.c.o
[0mCompiling .pioenvs/esp32-10-ant/esp-tls/esp_tls_mbedtls.c.o
[0mCompiling .pioenvs/esp32-10-ant/esp_app_format/esp_app_desc.c.o
[0mCompiling .pioenvs/esp32-10-ant/esp_bootloader_format/esp_bootloader_desc.c.o
[0mArchiving .pioenvs/esp32-10-ant/esp-idf/esp_app_format/libesp_app_format.a
[0mIndexing .pioenvs/esp32-10-ant/esp-idf/esp_app_format/libesp_app_format.a
[0mArchiving .pioenvs/esp32-10-ant/esp-idf/esp_bootloader_format/libesp_bootloader_format.a
[0mIndexing .pioenvs/esp32-10-ant/esp-idf/esp_bootloader_format/libesp_bootloader_format.a
[0mCompiling .pioenvs/esp32-10-ant/esp_coex/src/coexist.c.o
[0mCompiling .pioenvs/esp32-10-ant/esp_coex/src/lib_printf.c.o
[0mCompiling .pioenvs/esp32-10-ant/esp_coex/esp32/esp_coex_adapter.c.o
[0mCompiling .pioenvs/esp32-10-ant/esp_coex/src/coexist_debug_diagram.c.o
[0mCompiling .pioenvs/esp32-10-ant/esp_coex/src/coexist_debug.c.o
[0mArchiving .pioenvs/esp32-10-ant/esp-idf/esp-tls/libesp-tls.a
[0mIndexing .pioenvs/esp32-10-ant/esp-idf/esp-tls/libesp-tls.a
[0mCompiling .pioenvs/esp32-10-ant/esp_common/src/esp_err_to_name.c.o
[0mArchiving .pioenvs/esp32-10-ant/esp-idf/esp_coex/libesp_coex.a
[0mIndexing .pioenvs/esp32-10-ant/esp-idf/esp_coex/libesp_coex.a
[0mCompiling .pioenvs/esp32-10-ant/esp_driver_cam/esp_cam_ctlr.c.o
[0mCompiling .pioenvs/esp32-10-ant/esp_driver_cam/dvp_share_ctrl.c.o
[0mCompiling .pioenvs/esp32-10-ant/esp_driver_gpio/src/gpio.c.o
[0mCompiling .pioenvs/esp32-10-ant/esp_driver_gpio/src/gpio_glitch_filter_ops.c.o
[0mArchiving .pioenvs/esp32-10-ant/esp-idf/esp_common/libesp_common.a
[0mArchiving .pioenvs/esp32-10-ant/esp-idf/esp_driver_cam/libesp_driver_cam.a
[0mIndexing .pioenvs/esp32-10-ant/esp-idf/esp_driver_cam/libesp_driver_cam.a
[0mIndexing .pioenvs/esp32-10-ant/esp-idf/esp_common/libesp_common.a
[0mCompiling .pioenvs/esp32-10-ant/esp_driver_gpio/src/rtc_io.c.o
[0mCompiling .pioenvs/esp32-10-ant/esp_driver_gptimer/src/gptimer.c.o
[0mCompiling .pioenvs/esp32-10-ant/esp_driver_gptimer/src/gptimer_common.c.o
[0mCompiling .pioenvs/esp32-10-ant/esp_driver_i2c/i2c_master.c.o
[0mCompiling .pioenvs/esp32-10-ant/esp_driver_i2c/i2c_common.c.o
[0mArchiving .pioenvs/esp32-10-ant/esp-idf/esp_driver_gptimer/libesp_driver_gptimer.a
[0mIndexing .pioenvs/esp32-10-ant/esp-idf/esp_driver_gptimer/libesp_driver_gptimer.a
[0mCompiling .pioenvs/esp32-10-ant/esp_driver_i2c/i2c_slave.c.o
[0mCompiling .pioenvs/esp32-10-ant/esp_driver_ledc/src/ledc.c.o
[0mArchiving .pioenvs/esp32-10-ant/esp-idf/esp_driver_gpio/libesp_driver_gpio.a
[0mIndexing .pioenvs/esp32-10-ant/esp-idf/esp_driver_gpio/libesp_driver_gpio.a
[0mCompiling .pioenvs/esp32-10-ant/esp_driver_sdio/src/sdio_slave.c.o
[0mCompiling .pioenvs/esp32-10-ant/esp_driver_sdm/src/sdm.c.o
[0mArchiving .pioenvs/esp32-10-ant/esp-idf/esp_driver_i2c/libesp_driver_i2c.a
[0mArchiving .pioenvs/esp32-10-ant/esp-idf/esp_driver_sdm/libesp_driver_sdm.a
[0mIndexing .pioenvs/esp32-10-ant/esp-idf/esp_driver_i2c/libesp_driver_i2c.a
[0mIndexing .pioenvs/esp32-10-ant/esp-idf/esp_driver_sdm/libesp_driver_sdm.a
[0mCompiling .pioenvs/esp32-10-ant/esp_driver_sdmmc/src/sdmmc_transaction.c.o
[0mCompiling .pioenvs/esp32-10-ant/esp_driver_sdmmc/src/sdmmc_host.c.o
[0mArchiving .pioenvs/esp32-10-ant/esp-idf/esp_driver_sdio/libesp_driver_sdio.a
[0mIndexing .pioenvs/esp32-10-ant/esp-idf/esp_driver_sdio/libesp_driver_sdio.a
[0mCompiling .pioenvs/esp32-10-ant/esp_driver_sdspi/src/sdspi_crc.c.o
[0mCompiling .pioenvs/esp32-10-ant/esp_driver_sdspi/src/sdspi_host.c.o
[0mCompiling .pioenvs/esp32-10-ant/esp_driver_sdspi/src/sdspi_transaction.c.o
[0mArchiving .pioenvs/esp32-10-ant/esp-idf/esp_driver_ledc/libesp_driver_ledc.a
[0mIndexing .pioenvs/esp32-10-ant/esp-idf/esp_driver_ledc/libesp_driver_ledc.a
[0mCompiling .pioenvs/esp32-10-ant/esp_driver_spi/src/gpspi/spi_common.c.o
[0mCompiling .pioenvs/esp32-10-ant/esp_driver_spi/src/gpspi/spi_master.c.o
[0mArchiving .pioenvs/esp32-10-ant/esp-idf/esp_driver_sdmmc/libesp_driver_sdmmc.a
[0mArchiving .pioenvs/esp32-10-ant/esp-idf/esp_driver_sdspi/libesp_driver_sdspi.a
[0mIndexing .pioenvs/esp32-10-ant/esp-idf/esp_driver_sdspi/libesp_driver_sdspi.a
[0mIndexing .pioenvs/esp32-10-ant/esp-idf/esp_driver_sdmmc/libesp_driver_sdmmc.a
[0mCompiling .pioenvs/esp32-10-ant/esp_driver_spi/src/gpspi/spi_slave.c.o
[0mCompiling .pioenvs/esp32-10-ant/esp_driver_spi/src/gpspi/spi_dma.c.o
[0mCompiling .pioenvs/esp32-10-ant/esp_driver_uart/src/uart.c.o
[0mCompiling .pioenvs/esp32-10-ant/esp_driver_uart/src/uart_wakeup.c.o
[0mCompiling .pioenvs/esp32-10-ant/esp_driver_uart/src/uart_vfs.c.o
[0mCompiling .pioenvs/esp32-10-ant/esp_event/default_event_loop.c.o
[0mArchiving .pioenvs/esp32-10-ant/esp-idf/esp_driver_spi/libesp_driver_spi.a
[0mIndexing .pioenvs/esp32-10-ant/esp-idf/esp_driver_spi/libesp_driver_spi.a
[0mCompiling .pioenvs/esp32-10-ant/esp_event/esp_event.c.o
[0mCompiling .pioenvs/esp32-10-ant/esp_event/esp_event_private.c.o
[0mCompiling .pioenvs/esp32-10-ant/esp_gdbstub/src/gdbstub.c.o
[0mCompiling .pioenvs/esp32-10-ant/esp_gdbstub/src/gdbstub_transport.c.o
[0mCompiling .pioenvs/esp32-10-ant/esp_gdbstub/src/packet.c.o
[0mArchiving .pioenvs/esp32-10-ant/esp-idf/esp_event/libesp_event.a
[0mIndexing .pioenvs/esp32-10-ant/esp-idf/esp_event/libesp_event.a
[0mCompiling .pioenvs/esp32-10-ant/esp_gdbstub/src/port/xtensa/gdbstub_xtensa.c.o
[0mCompiling .pioenvs/esp32-10-ant/esp_gdbstub/src/port/xtensa/gdbstub-entry.S.o
[0mCompiling .pioenvs/esp32-10-ant/esp_gdbstub/src/port/xtensa/xt_debugexception.S.o
[0mCompiling .pioenvs/esp32-10-ant/esp_http_server/src/httpd_main.c.o
[0mCompiling .pioenvs/esp32-10-ant/esp_http_server/src/httpd_parse.c.o
[0mArchiving .pioenvs/esp32-10-ant/esp-idf/esp_gdbstub/libesp_gdbstub.a
[0mIndexing .pioenvs/esp32-10-ant/esp-idf/esp_gdbstub/libesp_gdbstub.a
[0mCompiling .pioenvs/esp32-10-ant/esp_http_server/src/httpd_sess.c.o
[0mArchiving .pioenvs/esp32-10-ant/esp-idf/esp_driver_uart/libesp_driver_uart.a
[0mIndexing .pioenvs/esp32-10-ant/esp-idf/esp_driver_uart/libesp_driver_uart.a
[0mCompiling .pioenvs/esp32-10-ant/esp_http_server/src/httpd_txrx.c.o
[0mCompiling .pioenvs/esp32-10-ant/esp_http_server/src/httpd_uri.c.o
[0mCompiling .pioenvs/esp32-10-ant/esp_http_server/src/httpd_ws.c.o
[0mCompiling .pioenvs/esp32-10-ant/esp_http_server/src/util/ctrl_sock.c.o
[0mCompiling .pioenvs/esp32-10-ant/esp_hw_support/cpu.c.o
[0mCompiling .pioenvs/esp32-10-ant/esp_hw_support/port/esp32/esp_cpu_intr.c.o
[0mArchiving .pioenvs/esp32-10-ant/esp-idf/esp_http_server/libesp_http_server.a
[0mIndexing .pioenvs/esp32-10-ant/esp-idf/esp_http_server/libesp_http_server.a
[0mCompiling .pioenvs/esp32-10-ant/esp_hw_support/esp_memory_utils.c.o
[0mCompiling .pioenvs/esp32-10-ant/esp_hw_support/port/esp32/cpu_region_protect.c.o
[0mCompiling .pioenvs/esp32-10-ant/esp_hw_support/esp_clk.c.o
[0mCompiling .pioenvs/esp32-10-ant/esp_hw_support/clk_ctrl_os.c.o
[0mCompiling .pioenvs/esp32-10-ant/esp_hw_support/hw_random.c.o
[0mCompiling .pioenvs/esp32-10-ant/esp_hw_support/intr_alloc.c.o
[0mCompiling .pioenvs/esp32-10-ant/esp_hw_support/mac_addr.c.o
[0mCompiling .pioenvs/esp32-10-ant/esp_hw_support/periph_ctrl.c.o
[0mCompiling .pioenvs/esp32-10-ant/esp_hw_support/revision.c.o
[0mCompiling .pioenvs/esp32-10-ant/esp_hw_support/rtc_module.c.o
[0mCompiling .pioenvs/esp32-10-ant/esp_hw_support/regi2c_ctrl.c.o
[0mCompiling .pioenvs/esp32-10-ant/esp_hw_support/esp_gpio_reserve.c.o
[0mCompiling .pioenvs/esp32-10-ant/esp_hw_support/sar_periph_ctrl_common.c.o
[0mCompiling .pioenvs/esp32-10-ant/esp_hw_support/port/esp32/io_mux.c.o
[0mCompiling .pioenvs/esp32-10-ant/esp_hw_support/port/esp32/esp_clk_tree.c.o
[0mCompiling .pioenvs/esp32-10-ant/esp_hw_support/dma/esp_dma_utils.c.o
[0mCompiling .pioenvs/esp32-10-ant/esp_hw_support/dma/gdma_link.c.o
[0mCompiling .pioenvs/esp32-10-ant/esp_hw_support/spi_bus_lock.c.o
[0mCompiling .pioenvs/esp32-10-ant/esp_hw_support/clk_utils.c.o
[0mCompiling .pioenvs/esp32-10-ant/esp_hw_support/port/esp_clk_tree_common.c.o
[0mCompiling .pioenvs/esp32-10-ant/esp_hw_support/spi_share_hw_ctrl.c.o
[0mCompiling .pioenvs/esp32-10-ant/esp_hw_support/adc_share_hw_ctrl.c.o
[0mCompiling .pioenvs/esp32-10-ant/esp_hw_support/sleep_modem.c.o
[0mCompiling .pioenvs/esp32-10-ant/esp_hw_support/sleep_modes.c.o
[0mCompiling .pioenvs/esp32-10-ant/esp_hw_support/sleep_console.c.o
[0mCompiling .pioenvs/esp32-10-ant/esp_hw_support/sleep_mspi.c.o
[0mCompiling .pioenvs/esp32-10-ant/esp_hw_support/sleep_usb.c.o
[0mCompiling .pioenvs/esp32-10-ant/esp_hw_support/sleep_gpio.c.o
[0mCompiling .pioenvs/esp32-10-ant/esp_hw_support/sleep_event.c.o
[0mCompiling .pioenvs/esp32-10-ant/esp_hw_support/rtc_wdt.c.o
[0mCompiling .pioenvs/esp32-10-ant/esp_hw_support/mspi_timing_tuning/mspi_timing_tuning.c.o
[0mCompiling .pioenvs/esp32-10-ant/esp_hw_support/sleep_wake_stub.c.o
[0mCompiling .pioenvs/esp32-10-ant/esp_hw_support/esp_clock_output.c.o
[0mCompiling .pioenvs/esp32-10-ant/esp_hw_support/power_supply/brownout.c.o
[0mCompiling .pioenvs/esp32-10-ant/esp_hw_support/port/esp32/rtc_clk.c.o
[0mCompiling .pioenvs/esp32-10-ant/esp_hw_support/port/esp32/rtc_clk_init.c.o
[0mCompiling .pioenvs/esp32-10-ant/esp_hw_support/port/esp32/rtc_init.c.o
[0mCompiling .pioenvs/esp32-10-ant/esp_hw_support/port/esp32/rtc_sleep.c.o
[0mCompiling .pioenvs/esp32-10-ant/esp_hw_support/port/esp32/rtc_time.c.o
[0mCompiling .pioenvs/esp32-10-ant/esp_hw_support/port/esp32/chip_info.c.o
[0mCompiling .pioenvs/esp32-10-ant/esp_hw_support/port/esp32/cache_sram_mmu.c.o
[0mCompiling .pioenvs/esp32-10-ant/esp_hw_support/port/esp32/sar_periph_ctrl.c.o
[0mCompiling .pioenvs/esp32-10-ant/esp_mm/esp_mmu_map.c.o
[0mCompiling .pioenvs/esp32-10-ant/esp_mm/port/esp32/ext_mem_layout.c.o
[0mCompiling .pioenvs/esp32-10-ant/esp_mm/esp_cache_msync.c.o
[0mCompiling .pioenvs/esp32-10-ant/esp_mm/esp_cache_utils.c.o
[0mArchiving .pioenvs/esp32-10-ant/esp-idf/esp_hw_support/libesp_hw_support.a
[0mIndexing .pioenvs/esp32-10-ant/esp-idf/esp_hw_support/libesp_hw_support.a
[0mCompiling .pioenvs/esp32-10-ant/esp_mm/cache_esp32.c.o
[0mCompiling .pioenvs/esp32-10-ant/esp_mm/heap_align_hw.c.o
[0mCompiling .pioenvs/esp32-10-ant/esp_netif/esp_netif_handlers.c.o
[0mCompiling .pioenvs/esp32-10-ant/esp_netif/esp_netif_objects.c.o
[0mCompiling .pioenvs/esp32-10-ant/esp_netif/esp_netif_defaults.c.o
[0mCompiling .pioenvs/esp32-10-ant/esp_netif/lwip/esp_netif_lwip.c.o
[0mCompiling .pioenvs/esp32-10-ant/esp_netif/lwip/esp_netif_sntp.c.o
[0mArchiving .pioenvs/esp32-10-ant/esp-idf/esp_mm/libesp_mm.a
[0mCompiling .pioenvs/esp32-10-ant/esp_netif/lwip/esp_netif_lwip_defaults.c.o
[0mIndexing .pioenvs/esp32-10-ant/esp-idf/esp_mm/libesp_mm.a
[0mCompiling .pioenvs/esp32-10-ant/esp_netif/lwip/netif/wlanif.c.o
[0mCompiling .pioenvs/esp32-10-ant/esp_netif/lwip/netif/ethernetif.c.o
[0mCompiling .pioenvs/esp32-10-ant/esp_netif/lwip/netif/esp_pbuf_ref.c.o
[0mCompiling .pioenvs/esp32-10-ant/esp_partition/partition.c.o
[0mCompiling .pioenvs/esp32-10-ant/esp_partition/partition_target.c.o
[0mCompiling .pioenvs/esp32-10-ant/esp_phy/src/phy_override.c.o
[0mCompiling .pioenvs/esp32-10-ant/esp_phy/src/lib_printf.c.o
[0mCompiling .pioenvs/esp32-10-ant/esp_phy/src/phy_common.c.o
[0mArchiving .pioenvs/esp32-10-ant/esp-idf/esp_partition/libesp_partition.a
[0mIndexing .pioenvs/esp32-10-ant/esp-idf/esp_partition/libesp_partition.a
[0mCompiling .pioenvs/esp32-10-ant/esp_phy/src/phy_init.c.o
[0mArchiving .pioenvs/esp32-10-ant/esp-idf/esp_netif/libesp_netif.a
[0mIndexing .pioenvs/esp32-10-ant/esp-idf/esp_netif/libesp_netif.a
[0mCompiling .pioenvs/esp32-10-ant/esp_phy/esp32/phy_init_data.c.o
[0mCompiling .pioenvs/esp32-10-ant/esp_phy/src/btbb_init.c.o
[0mCompiling .pioenvs/esp32-10-ant/esp_pm/pm_locks.c.o
[0mCompiling .pioenvs/esp32-10-ant/esp_pm/pm_trace.c.o
[0mCompiling .pioenvs/esp32-10-ant/esp_pm/pm_impl.c.o
[0mCompiling .pioenvs/esp32-10-ant/esp_psram/system_layer/esp_psram_mspi.c.o
[0mArchiving .pioenvs/esp32-10-ant/esp-idf/esp_phy/libesp_phy.a
[0mIndexing .pioenvs/esp32-10-ant/esp-idf/esp_phy/libesp_phy.a
[0mCompiling .pioenvs/esp32-10-ant/esp_ringbuf/ringbuf.c.o
[0mArchiving .pioenvs/esp32-10-ant/esp-idf/esp_psram/libesp_psram.a
[0mCompiling .pioenvs/esp32-10-ant/esp_rom/patches/esp_rom_sys.c.o
[0mIndexing .pioenvs/esp32-10-ant/esp-idf/esp_psram/libesp_psram.a
[0mCompiling .pioenvs/esp32-10-ant/esp_rom/patches/esp_rom_print.c.o
[0mCompiling .pioenvs/esp32-10-ant/esp_rom/patches/esp_rom_crc.c.o
[0mArchiving .pioenvs/esp32-10-ant/esp-idf/esp_pm/libesp_pm.a
[0mIndexing .pioenvs/esp32-10-ant/esp-idf/esp_pm/libesp_pm.a
[0mCompiling .pioenvs/esp32-10-ant/esp_rom/patches/esp_rom_uart.c.o
[0mCompiling .pioenvs/esp32-10-ant/esp_rom/patches/esp_rom_spiflash.c.o
[0mCompiling .pioenvs/esp32-10-ant/esp_rom/patches/esp_rom_efuse.c.o
[0mCompiling .pioenvs/esp32-10-ant/esp_rom/patches/esp_rom_gpio.c.o
[0mCompiling .pioenvs/esp32-10-ant/esp_rom/patches/esp_rom_longjmp.S.o
[0mCompiling .pioenvs/esp32-10-ant/esp_security/src/init.c.o
[0mCompiling .pioenvs/esp32-10-ant/esp_security/src/esp_crypto_lock.c.o
[0mCompiling .pioenvs/esp32-10-ant/esp_security/src/esp_crypto_periph_clk.c.o
[0mCompiling .pioenvs/esp32-10-ant/esp_system/esp_err.c.o
[0mArchiving .pioenvs/esp32-10-ant/esp-idf/esp_rom/libesp_rom.a
[0mIndexing .pioenvs/esp32-10-ant/esp-idf/esp_rom/libesp_rom.a
[0mArchiving .pioenvs/esp32-10-ant/esp-idf/esp_ringbuf/libesp_ringbuf.a
[0mIndexing .pioenvs/esp32-10-ant/esp-idf/esp_ringbuf/libesp_ringbuf.a
[0mArchiving .pioenvs/esp32-10-ant/esp-idf/esp_security/libesp_security.a
[0mIndexing .pioenvs/esp32-10-ant/esp-idf/esp_security/libesp_security.a
[0mCompiling .pioenvs/esp32-10-ant/esp_system/crosscore_int.c.o
[0mCompiling .pioenvs/esp32-10-ant/esp_system/esp_ipc.c.o
[0mCompiling .pioenvs/esp32-10-ant/esp_system/esp_system_console.c.o
[0mCompiling .pioenvs/esp32-10-ant/esp_system/freertos_hooks.c.o
[0mCompiling .pioenvs/esp32-10-ant/esp_system/int_wdt.c.o
[0mCompiling .pioenvs/esp32-10-ant/esp_system/panic.c.o
[0mCompiling .pioenvs/esp32-10-ant/esp_system/esp_system.c.o
[0mCompiling .pioenvs/esp32-10-ant/esp_system/startup.c.o
[0mCompiling .pioenvs/esp32-10-ant/esp_system/startup_funcs.c.o
[0mCompiling .pioenvs/esp32-10-ant/esp_system/system_time.c.o
[0mCompiling .pioenvs/esp32-10-ant/esp_system/stack_check.c.o
[0mCompiling .pioenvs/esp32-10-ant/esp_system/ubsan.c.o
[0mCompiling .pioenvs/esp32-10-ant/esp_system/xt_wdt.c.o
[0mCompiling .pioenvs/esp32-10-ant/esp_system/task_wdt/task_wdt.c.o
[0mCompiling .pioenvs/esp32-10-ant/esp_system/task_wdt/task_wdt_impl_timergroup.c.o
[0mCompiling .pioenvs/esp32-10-ant/esp_system/port/cpu_start.c.o
[0mCompiling .pioenvs/esp32-10-ant/esp_system/port/panic_handler.c.o
[0mCompiling .pioenvs/esp32-10-ant/esp_system/port/esp_system_chip.c.o
[0mCompiling .pioenvs/esp32-10-ant/esp_system/port/image_process.c.o
[0mCompiling .pioenvs/esp32-10-ant/esp_system/port/esp_ipc_isr.c.o
[0mCompiling .pioenvs/esp32-10-ant/esp_system/port/arch/xtensa/esp_ipc_isr_port.c.o
[0mCompiling .pioenvs/esp32-10-ant/esp_system/port/arch/xtensa/esp_ipc_isr_handler.S.o
[0mCompiling .pioenvs/esp32-10-ant/esp_system/port/arch/xtensa/esp_ipc_isr_routines.S.o
[0mCompiling .pioenvs/esp32-10-ant/esp_system/port/arch/xtensa/panic_arch.c.o
[0mCompiling .pioenvs/esp32-10-ant/esp_system/port/arch/xtensa/panic_handler_asm.S.o
[0mCompiling .pioenvs/esp32-10-ant/esp_system/port/arch/xtensa/expression_with_stack.c.o
[0mCompiling .pioenvs/esp32-10-ant/esp_system/port/arch/xtensa/expression_with_stack_asm.S.o
[0mCompiling .pioenvs/esp32-10-ant/esp_system/port/arch/xtensa/debug_helpers.c.o
[0mCompiling .pioenvs/esp32-10-ant/esp_system/port/arch/xtensa/debug_helpers_asm.S.o
[0mCompiling .pioenvs/esp32-10-ant/esp_system/port/arch/xtensa/debug_stubs.c.o
[0mCompiling .pioenvs/esp32-10-ant/esp_system/port/arch/xtensa/trax.c.o
[0mCompiling .pioenvs/esp32-10-ant/esp_system/port/soc/esp32/highint_hdl.S.o
[0mCompiling .pioenvs/esp32-10-ant/esp_system/port/soc/esp32/clk.c.o
[0mCompiling .pioenvs/esp32-10-ant/esp_system/port/soc/esp32/reset_reason.c.o
[0mCompiling .pioenvs/esp32-10-ant/esp_system/port/soc/esp32/system_internal.c.o
[0mCompiling .pioenvs/esp32-10-ant/esp_system/port/soc/esp32/cache_err_int.c.o
[0mCompiling .pioenvs/esp32-10-ant/esp_timer/src/esp_timer.c.o
[0mCompiling .pioenvs/esp32-10-ant/esp_timer/src/esp_timer_init.c.o
[0mCompiling .pioenvs/esp32-10-ant/esp_timer/src/ets_timer_legacy.c.o
[0mArchiving .pioenvs/esp32-10-ant/esp-idf/esp_system/libesp_system.a
[0mIndexing .pioenvs/esp32-10-ant/esp-idf/esp_system/libesp_system.a
[0mCompiling .pioenvs/esp32-10-ant/esp_timer/src/system_time.c.o
[0mCompiling .pioenvs/esp32-10-ant/esp_timer/src/esp_timer_impl_common.c.o
[0mCompiling .pioenvs/esp32-10-ant/esp_timer/src/esp_timer_impl_lac.c.o
[0mCompiling .pioenvs/esp32-10-ant/esp_vfs_console/vfs_console.c.o
[0mCompiling .pioenvs/esp32-10-ant/esp_wifi/src/lib_printf.c.o
[0mCompiling .pioenvs/esp32-10-ant/esp_wifi/src/mesh_event.c.o
[0mCompiling .pioenvs/esp32-10-ant/esp_wifi/src/smartconfig.c.o
[0mArchiving .pioenvs/esp32-10-ant/esp-idf/esp_vfs_console/libesp_vfs_console.a
[0mIndexing .pioenvs/esp32-10-ant/esp-idf/esp_vfs_console/libesp_vfs_console.a
[0mArchiving .pioenvs/esp32-10-ant/esp-idf/esp_timer/libesp_timer.a
[0mIndexing .pioenvs/esp32-10-ant/esp-idf/esp_timer/libesp_timer.a
[0mCompiling .pioenvs/esp32-10-ant/esp_wifi/src/wifi_init.c.o
[0mCompiling .pioenvs/esp32-10-ant/esp_wifi/src/wifi_default.c.o
[0mCompiling .pioenvs/esp32-10-ant/esp_wifi/src/wifi_netif.c.o
[0mCompiling .pioenvs/esp32-10-ant/esp_wifi/src/wifi_default_ap.c.o
[0mCompiling .pioenvs/esp32-10-ant/esp_wifi/esp32/esp_adapter.c.o
[0mCompiling .pioenvs/esp32-10-ant/esp_wifi/regulatory/esp_wifi_regulatory.c.o
[0mCompiling .pioenvs/esp32-10-ant/esp_wifi/src/smartconfig_ack.c.o
[0mCompiling .pioenvs/esp32-10-ant/managed_components/espressif__mdns/mdns_responder.c.o
[0mCompiling .pioenvs/esp32-10-ant/managed_components/espressif__mdns/mdns_receive.c.o
[0mCompiling .pioenvs/esp32-10-ant/managed_components/espressif__mdns/mdns_utils.c.o
[0mArchiving .pioenvs/esp32-10-ant/esp-idf/esp_wifi/libesp_wifi.a
[0mIndexing .pioenvs/esp32-10-ant/esp-idf/esp_wifi/libesp_wifi.a
[0mCompiling .pioenvs/esp32-10-ant/managed_components/espressif__mdns/mdns_debug.c.o
[0mCompiling .pioenvs/esp32-10-ant/managed_components/espressif__mdns/mdns_browser.c.o
[0mCompiling .pioenvs/esp32-10-ant/managed_components/espressif__mdns/mdns_send.c.o
[0mCompiling .pioenvs/esp32-10-ant/managed_components/espressif__mdns/mdns_netif.c.o
[0mCompiling .pioenvs/esp32-10-ant/managed_components/espressif__mdns/mdns_querier.c.o
[0mCompiling .pioenvs/esp32-10-ant/managed_components/espressif__mdns/mdns_pcb.c.o
[0mCompiling .pioenvs/esp32-10-ant/managed_components/espressif__mdns/mdns_service.c.o
[0mCompiling .pioenvs/esp32-10-ant/managed_components/espressif__mdns/mdns_mem_caps.c.o
[0mCompiling .pioenvs/esp32-10-ant/managed_components/espressif__mdns/mdns_networking_lwip.c.o
[0mCompiling .pioenvs/esp32-10-ant/managed_components/espressif__mdns/mdns_console.c.o
[0mCompiling .pioenvs/esp32-10-ant/freertos/heap_idf.c.o
[0mCompiling .pioenvs/esp32-10-ant/freertos/app_startup.c.o
[0mCompiling .pioenvs/esp32-10-ant/freertos/port_common.c.o
[0mCompiling .pioenvs/esp32-10-ant/freertos/port_systick.c.o
[0mCompiling .pioenvs/esp32-10-ant/freertos/FreeRTOS-Kernel/list.c.o
[0mCompiling .pioenvs/esp32-10-ant/freertos/FreeRTOS-Kernel/queue.c.o
[0mCompiling .pioenvs/esp32-10-ant/freertos/FreeRTOS-Kernel/tasks.c.o
[0mCompiling .pioenvs/esp32-10-ant/freertos/FreeRTOS-Kernel/timers.c.o
[0mArchiving .pioenvs/esp32-10-ant/esp-idf/espressif__mdns/libespressif__mdns.a
[0mIndexing .pioenvs/esp32-10-ant/esp-idf/espressif__mdns/libespressif__mdns.a
[0mCompiling .pioenvs/esp32-10-ant/freertos/FreeRTOS-Kernel/event_groups.c.o
[0mCompiling .pioenvs/esp32-10-ant/freertos/FreeRTOS-Kernel/stream_buffer.c.o
[0mCompiling .pioenvs/esp32-10-ant/freertos/FreeRTOS-Kernel/portable/xtensa/port.c.o
[0mCompiling .pioenvs/esp32-10-ant/freertos/FreeRTOS-Kernel/portable/xtensa/portasm.S.o
[0mCompiling .pioenvs/esp32-10-ant/freertos/FreeRTOS-Kernel/portable/xtensa/xtensa_init.c.o
[0mCompiling .pioenvs/esp32-10-ant/freertos/FreeRTOS-Kernel/portable/xtensa/xtensa_overlay_os_hook.c.o
[0mCompiling .pioenvs/esp32-10-ant/freertos/esp_additions/freertos_compatibility.c.o
[0mCompiling .pioenvs/esp32-10-ant/freertos/esp_additions/idf_additions_event_groups.c.o
[0mCompiling .pioenvs/esp32-10-ant/freertos/esp_additions/idf_additions.c.o
[0mCompiling .pioenvs/esp32-10-ant/hal/hal_utils.c.o
[0mCompiling .pioenvs/esp32-10-ant/hal/mpu_hal.c.o
[0mCompiling .pioenvs/esp32-10-ant/hal/efuse_hal.c.o
[0mCompiling .pioenvs/esp32-10-ant/hal/esp32/efuse_hal.c.o
[0mCompiling .pioenvs/esp32-10-ant/hal/wdt_hal_iram.c.o
[0mCompiling .pioenvs/esp32-10-ant/hal/mmu_hal.c.o
[0mArchiving .pioenvs/esp32-10-ant/esp-idf/freertos/libfreertos.a
[0mIndexing .pioenvs/esp32-10-ant/esp-idf/freertos/libfreertos.a
[0mCompiling .pioenvs/esp32-10-ant/hal/esp32/cache_hal_esp32.c.o
[0mCompiling .pioenvs/esp32-10-ant/hal/color_hal.c.o
[0mCompiling .pioenvs/esp32-10-ant/hal/spi_flash_hal.c.o
[0mCompiling .pioenvs/esp32-10-ant/hal/spi_flash_hal_iram.c.o
[0mCompiling .pioenvs/esp32-10-ant/hal/spi_flash_encrypt_hal_iram.c.o
[0mCompiling .pioenvs/esp32-10-ant/hal/esp32/clk_tree_hal.c.o
[0mCompiling .pioenvs/esp32-10-ant/hal/uart_hal.c.o
[0mCompiling .pioenvs/esp32-10-ant/hal/uart_hal_iram.c.o
[0mCompiling .pioenvs/esp32-10-ant/hal/gpio_hal.c.o
[0mCompiling .pioenvs/esp32-10-ant/hal/rtc_io_hal.c.o
[0mCompiling .pioenvs/esp32-10-ant/hal/timer_hal.c.o
[0mCompiling .pioenvs/esp32-10-ant/hal/ledc_hal.c.o
[0mCompiling .pioenvs/esp32-10-ant/hal/ledc_hal_iram.c.o
[0mCompiling .pioenvs/esp32-10-ant/hal/i2c_hal.c.o
[0mCompiling .pioenvs/esp32-10-ant/hal/i2c_hal_iram.c.o
[0mCompiling .pioenvs/esp32-10-ant/hal/rmt_hal.c.o
[0mCompiling .pioenvs/esp32-10-ant/hal/pcnt_hal.c.o
[0mCompiling .pioenvs/esp32-10-ant/hal/mcpwm_hal.c.o
[0mCompiling .pioenvs/esp32-10-ant/hal/twai_hal_v1.c.o
[0mCompiling .pioenvs/esp32-10-ant/hal/i2s_hal.c.o
[0mCompiling .pioenvs/esp32-10-ant/hal/sdm_hal.c.o
[0mCompiling .pioenvs/esp32-10-ant/hal/sdmmc_hal.c.o
[0mCompiling .pioenvs/esp32-10-ant/hal/adc_hal_common.c.o
[0mCompiling .pioenvs/esp32-10-ant/hal/adc_oneshot_hal.c.o
[0mCompiling .pioenvs/esp32-10-ant/hal/adc_hal.c.o
[0mCompiling .pioenvs/esp32-10-ant/hal/mpi_hal.c.o
[0mCompiling .pioenvs/esp32-10-ant/hal/sha_hal.c.o
[0mCompiling .pioenvs/esp32-10-ant/hal/aes_hal.c.o
[0mCompiling .pioenvs/esp32-10-ant/hal/brownout_hal.c.o
[0mCompiling .pioenvs/esp32-10-ant/hal/spi_hal.c.o
[0mCompiling .pioenvs/esp32-10-ant/hal/spi_hal_iram.c.o
[0mCompiling .pioenvs/esp32-10-ant/hal/spi_slave_hal.c.o
[0mCompiling .pioenvs/esp32-10-ant/hal/spi_slave_hal_iram.c.o
[0mCompiling .pioenvs/esp32-10-ant/hal/sdio_slave_hal.c.o
[0mCompiling .pioenvs/esp32-10-ant/hal/esp32/touch_sensor_hal.c.o
[0mCompiling .pioenvs/esp32-10-ant/hal/touch_sensor_hal.c.o
[0mCompiling .pioenvs/esp32-10-ant/hal/touch_sens_hal.c.o
[0mCompiling .pioenvs/esp32-10-ant/hal/esp32/gpio_hal_workaround.c.o
[0mCompiling .pioenvs/esp32-10-ant/heap/heap_caps_base.c.o
[0mCompiling .pioenvs/esp32-10-ant/heap/heap_caps.c.o
[0mCompiling .pioenvs/esp32-10-ant/heap/heap_caps_init.c.o
[0mArchiving .pioenvs/esp32-10-ant/esp-idf/hal/libhal.a
[0mIndexing .pioenvs/esp32-10-ant/esp-idf/hal/libhal.a
[0mCompiling .pioenvs/esp32-10-ant/heap/multi_heap.c.o
[0mCompiling .pioenvs/esp32-10-ant/heap/tlsf/tlsf.c.o
[0mCompiling .pioenvs/esp32-10-ant/heap/port/memory_layout_utils.c.o
[0mCompiling .pioenvs/esp32-10-ant/heap/port/esp32/memory_layout.c.o
[0mCompiling .pioenvs/esp32-10-ant/http_parser/http_parser.c.o
[0mCompiling .pioenvs/esp32-10-ant/json/cJSON/cJSON.c.o
[0mCompiling .pioenvs/esp32-10-ant/json/cJSON/cJSON_Utils.c.o
[0mCompiling .pioenvs/esp32-10-ant/log/src/os/log_timestamp.c.o
[0mArchiving .pioenvs/esp32-10-ant/esp-idf/heap/libheap.a
[0mIndexing .pioenvs/esp32-10-ant/esp-idf/heap/libheap.a
[0mCompiling .pioenvs/esp32-10-ant/log/src/log_timestamp_common.c.o
[0mCompiling .pioenvs/esp32-10-ant/log/src/os/log_lock.c.o
[0mCompiling .pioenvs/esp32-10-ant/log/src/buffer/log_buffers.c.o
[0mArchiving .pioenvs/esp32-10-ant/esp-idf/json/libjson.a
[0mCompiling .pioenvs/esp32-10-ant/log/src/os/util.c.o
[0mIndexing .pioenvs/esp32-10-ant/esp-idf/json/libjson.a
[0mCompiling .pioenvs/esp32-10-ant/log/src/util.c.o
[0mArchiving .pioenvs/esp32-10-ant/esp-idf/http_parser/libhttp_parser.a
[0mIndexing .pioenvs/esp32-10-ant/esp-idf/http_parser/libhttp_parser.a
[0mCompiling .pioenvs/esp32-10-ant/log/src/log_format_text.c.o
[0mCompiling .pioenvs/esp32-10-ant/log/src/log_print.c.o
[0mCompiling .pioenvs/esp32-10-ant/log/src/log.c.o
[0mCompiling .pioenvs/esp32-10-ant/log/src/os/log_write.c.o
[0mCompiling .pioenvs/esp32-10-ant/log/src/log_level/log_level.c.o
[0mCompiling .pioenvs/esp32-10-ant/log/src/log_level/tag_log_level/tag_log_level.c.o
[0mCompiling .pioenvs/esp32-10-ant/lwip/apps/sntp/sntp.c.o
[0mArchiving .pioenvs/esp32-10-ant/esp-idf/log/liblog.a
[0mIndexing .pioenvs/esp32-10-ant/esp-idf/log/liblog.a
[0mCompiling .pioenvs/esp32-10-ant/lwip/lwip/src/api/api_lib.c.o
[0mCompiling .pioenvs/esp32-10-ant/lwip/lwip/src/api/api_msg.c.o
[0mCompiling .pioenvs/esp32-10-ant/lwip/lwip/src/api/err.c.o
[0mCompiling .pioenvs/esp32-10-ant/lwip/lwip/src/api/if_api.c.o
[0mCompiling .pioenvs/esp32-10-ant/lwip/lwip/src/api/netbuf.c.o
[0mCompiling .pioenvs/esp32-10-ant/lwip/lwip/src/api/netdb.c.o
[0mCompiling .pioenvs/esp32-10-ant/lwip/lwip/src/api/netifapi.c.o
[0mCompiling .pioenvs/esp32-10-ant/lwip/lwip/src/api/sockets.c.o
[0mCompiling .pioenvs/esp32-10-ant/lwip/lwip/src/api/tcpip.c.o
[0mCompiling .pioenvs/esp32-10-ant/lwip/lwip/src/apps/sntp/sntp.c.o
[0mCompiling .pioenvs/esp32-10-ant/lwip/lwip/src/apps/netbiosns/netbiosns.c.o
[0mCompiling .pioenvs/esp32-10-ant/lwip/lwip/src/core/def.c.o
[0mCompiling .pioenvs/esp32-10-ant/lwip/lwip/src/core/dns.c.o
[0mCompiling .pioenvs/esp32-10-ant/lwip/lwip/src/core/inet_chksum.c.o
[0mCompiling .pioenvs/esp32-10-ant/lwip/lwip/src/core/init.c.o
[0mCompiling .pioenvs/esp32-10-ant/lwip/lwip/src/core/ip.c.o
[0mCompiling .pioenvs/esp32-10-ant/lwip/lwip/src/core/mem.c.o
[0mCompiling .pioenvs/esp32-10-ant/lwip/lwip/src/core/memp.c.o
[0mCompiling .pioenvs/esp32-10-ant/lwip/lwip/src/core/netif.c.o
[0mCompiling .pioenvs/esp32-10-ant/lwip/lwip/src/core/pbuf.c.o
[0mCompiling .pioenvs/esp32-10-ant/lwip/lwip/src/core/raw.c.o
[0mCompiling .pioenvs/esp32-10-ant/lwip/lwip/src/core/stats.c.o
[0mCompiling .pioenvs/esp32-10-ant/lwip/lwip/src/core/sys.c.o
[0mCompiling .pioenvs/esp32-10-ant/lwip/lwip/src/core/tcp.c.o
[0mCompiling .pioenvs/esp32-10-ant/lwip/lwip/src/core/tcp_in.c.o
[0mCompiling .pioenvs/esp32-10-ant/lwip/lwip/src/core/tcp_out.c.o
[0mCompiling .pioenvs/esp32-10-ant/lwip/lwip/src/core/timeouts.c.o
[0mCompiling .pioenvs/esp32-10-ant/lwip/lwip/src/core/udp.c.o
[0mCompiling .pioenvs/esp32-10-ant/lwip/lwip/src/core/ipv4/autoip.c.o
[0mCompiling .pioenvs/esp32-10-ant/lwip/lwip/src/core/ipv4/dhcp.c.o
[0mCompiling .pioenvs/esp32-10-ant/lwip/lwip/src/core/ipv4/etharp.c.o
[0mCompiling .pioenvs/esp32-10-ant/lwip/lwip/src/core/ipv4/icmp.c.o
[0mCompiling .pioenvs/esp32-10-ant/lwip/lwip/src/core/ipv4/igmp.c.o
[0mCompiling .pioenvs/esp32-10-ant/lwip/lwip/src/core/ipv4/ip4.c.o
[0mCompiling .pioenvs/esp32-10-ant/lwip/lwip/src/core/ipv4/ip4_napt.c.o
[0mCompiling .pioenvs/esp32-10-ant/lwip/lwip/src/core/ipv4/ip4_addr.c.o
[0mCompiling .pioenvs/esp32-10-ant/lwip/lwip/src/core/ipv4/ip4_frag.c.o
[0mCompiling .pioenvs/esp32-10-ant/lwip/lwip/src/core/ipv6/dhcp6.c.o
[0mCompiling .pioenvs/esp32-10-ant/lwip/lwip/src/core/ipv6/ethip6.c.o
[0mCompiling .pioenvs/esp32-10-ant/lwip/lwip/src/core/ipv6/icmp6.c.o
[0mCompiling .pioenvs/esp32-10-ant/lwip/lwip/src/core/ipv6/inet6.c.o
[0mCompiling .pioenvs/esp32-10-ant/lwip/lwip/src/core/ipv6/ip6.c.o
[0mCompiling .pioenvs/esp32-10-ant/lwip/lwip/src/core/ipv6/ip6_addr.c.o
[0mCompiling .pioenvs/esp32-10-ant/lwip/lwip/src/core/ipv6/ip6_frag.c.o
[0mCompiling .pioenvs/esp32-10-ant/lwip/lwip/src/core/ipv6/mld6.c.o
[0mCompiling .pioenvs/esp32-10-ant/lwip/lwip/src/core/ipv6/nd6.c.o
[0mCompiling .pioenvs/esp32-10-ant/lwip/lwip/src/netif/ethernet.c.o
[0mCompiling .pioenvs/esp32-10-ant/lwip/lwip/src/netif/bridgeif.c.o
[0mCompiling .pioenvs/esp32-10-ant/lwip/lwip/src/netif/bridgeif_fdb.c.o
[0mCompiling .pioenvs/esp32-10-ant/lwip/lwip/src/netif/slipif.c.o
[0mCompiling .pioenvs/esp32-10-ant/lwip/lwip/src/netif/ppp/auth.c.o
[0mCompiling .pioenvs/esp32-10-ant/lwip/lwip/src/netif/ppp/ccp.c.o
[0mCompiling .pioenvs/esp32-10-ant/lwip/lwip/src/netif/ppp/chap-md5.c.o
[0mCompiling .pioenvs/esp32-10-ant/lwip/lwip/src/netif/ppp/chap-new.c.o
[0mCompiling .pioenvs/esp32-10-ant/lwip/lwip/src/netif/ppp/chap_ms.c.o
[0mCompiling .pioenvs/esp32-10-ant/lwip/lwip/src/netif/ppp/demand.c.o
[0mCompiling .pioenvs/esp32-10-ant/lwip/lwip/src/netif/ppp/eap.c.o
[0mCompiling .pioenvs/esp32-10-ant/lwip/lwip/src/netif/ppp/ecp.c.o
[0mCompiling .pioenvs/esp32-10-ant/lwip/lwip/src/netif/ppp/eui64.c.o
[0mCompiling .pioenvs/esp32-10-ant/lwip/lwip/src/netif/ppp/fsm.c.o
[0mCompiling .pioenvs/esp32-10-ant/lwip/lwip/src/netif/ppp/ipcp.c.o
[0mCompiling .pioenvs/esp32-10-ant/lwip/lwip/src/netif/ppp/ipv6cp.c.o
[0mCompiling .pioenvs/esp32-10-ant/lwip/lwip/src/netif/ppp/lcp.c.o
[0mCompiling .pioenvs/esp32-10-ant/lwip/lwip/src/netif/ppp/magic.c.o
[0mCompiling .pioenvs/esp32-10-ant/lwip/lwip/src/netif/ppp/mppe.c.o
[0mCompiling .pioenvs/esp32-10-ant/lwip/lwip/src/netif/ppp/multilink.c.o
[0mCompiling .pioenvs/esp32-10-ant/lwip/lwip/src/netif/ppp/ppp.c.o
[0mCompiling .pioenvs/esp32-10-ant/lwip/lwip/src/netif/ppp/pppapi.c.o
[0mCompiling .pioenvs/esp32-10-ant/lwip/lwip/src/netif/ppp/pppcrypt.c.o
[0mCompiling .pioenvs/esp32-10-ant/lwip/lwip/src/netif/ppp/pppoe.c.o
[0mCompiling .pioenvs/esp32-10-ant/lwip/lwip/src/netif/ppp/pppol2tp.c.o
[0mCompiling .pioenvs/esp32-10-ant/lwip/lwip/src/netif/ppp/pppos.c.o
[0mCompiling .pioenvs/esp32-10-ant/lwip/lwip/src/netif/ppp/upap.c.o
[0mCompiling .pioenvs/esp32-10-ant/lwip/lwip/src/netif/ppp/utils.c.o
[0mCompiling .pioenvs/esp32-10-ant/lwip/lwip/src/netif/ppp/vj.c.o
[0mCompiling .pioenvs/esp32-10-ant/lwip/port/hooks/tcp_isn_default.c.o
[0mCompiling .pioenvs/esp32-10-ant/lwip/port/hooks/lwip_default_hooks.c.o
[0mCompiling .pioenvs/esp32-10-ant/lwip/port/debug/lwip_debug.c.o
[0mCompiling .pioenvs/esp32-10-ant/lwip/port/sockets_ext.c.o
[0mCompiling .pioenvs/esp32-10-ant/lwip/port/freertos/sys_arch.c.o
[0mCompiling .pioenvs/esp32-10-ant/lwip/port/if_index.c.o
[0mCompiling .pioenvs/esp32-10-ant/lwip/port/acd_dhcp_check.c.o
[0mCompiling .pioenvs/esp32-10-ant/lwip/port/esp32xx/vfs_lwip.c.o
[0mCompiling .pioenvs/esp32-10-ant/lwip/apps/ping/esp_ping.c.o
[0mCompiling .pioenvs/esp32-10-ant/lwip/apps/ping/ping.c.o
[0mCompiling .pioenvs/esp32-10-ant/lwip/apps/ping/ping_sock.c.o
[0mCompiling .pioenvs/esp32-10-ant/lwip/lwip/src/netif/ppp/polarssl/arc4.c.o
[0mCompiling .pioenvs/esp32-10-ant/lwip/lwip/src/netif/ppp/polarssl/des.c.o
[0mCompiling .pioenvs/esp32-10-ant/lwip/lwip/src/netif/ppp/polarssl/md4.c.o
[0mCompiling .pioenvs/esp32-10-ant/lwip/lwip/src/netif/ppp/polarssl/md5.c.o
[0mCompiling .pioenvs/esp32-10-ant/lwip/lwip/src/netif/ppp/polarssl/sha1.c.o
[0mCompiling .pioenvs/esp32-10-ant/lwip/apps/dhcpserver/dhcpserver.c.o
[0mCompiling .pioenvs/esp32-10-ant/mbedtls/esp_crt_bundle/esp_crt_bundle.c.o
[0mCompiling .pioenvs/esp32-10-ant/x509_crt_bundle.S.o
[0mCompiling .pioenvs/esp32-10-ant/mqtt/esp-mqtt/mqtt_client.c.o
[0mCompiling .pioenvs/esp32-10-ant/mqtt/esp-mqtt/lib/mqtt_msg.c.o
[0mArchiving .pioenvs/esp32-10-ant/esp-idf/mbedtls/libmbedtls.a
[0mIndexing .pioenvs/esp32-10-ant/esp-idf/mbedtls/libmbedtls.a
[0mCompiling .pioenvs/esp32-10-ant/mqtt/esp-mqtt/lib/mqtt_outbox.c.o
[0mArchiving .pioenvs/esp32-10-ant/esp-idf/lwip/liblwip.a
[0mCompiling .pioenvs/esp32-10-ant/mqtt/esp-mqtt/lib/platform_esp32_idf.c.o
[0mIndexing .pioenvs/esp32-10-ant/esp-idf/lwip/liblwip.a
[0mCompiling .pioenvs/esp32-10-ant/newlib/src/init.c.o
[0mCompiling .pioenvs/esp32-10-ant/newlib/src/abort.c.o
[0mCompiling .pioenvs/esp32-10-ant/newlib/src/assert.c.o
[0mCompiling .pioenvs/esp32-10-ant/newlib/src/heap.c.o
[0mCompiling .pioenvs/esp32-10-ant/newlib/src/locks.c.o
[0mCompiling .pioenvs/esp32-10-ant/newlib/src/poll.c.o
[0mCompiling .pioenvs/esp32-10-ant/newlib/src/pthread.c.o
[0mCompiling .pioenvs/esp32-10-ant/newlib/src/random.c.o
[0mCompiling .pioenvs/esp32-10-ant/newlib/src/getentropy.c.o
[0mCompiling .pioenvs/esp32-10-ant/newlib/src/termios.c.o
[0mCompiling .pioenvs/esp32-10-ant/newlib/src/stdatomic.c.o
[0mCompiling .pioenvs/esp32-10-ant/newlib/src/time.c.o
[0mCompiling .pioenvs/esp32-10-ant/newlib/src/sysconf.c.o
[0mCompiling .pioenvs/esp32-10-ant/newlib/src/realpath.c.o
[0mArchiving .pioenvs/esp32-10-ant/esp-idf/mqtt/libmqtt.a
[0mIndexing .pioenvs/esp32-10-ant/esp-idf/mqtt/libmqtt.a
[0mCompiling .pioenvs/esp32-10-ant/newlib/src/scandir.c.o
[0mCompiling .pioenvs/esp32-10-ant/newlib/src/syscalls.c.o
[0mCompiling .pioenvs/esp32-10-ant/newlib/src/reent_syscalls.c.o
[0mCompiling .pioenvs/esp32-10-ant/newlib/src/port/esp_time_impl.c.o
[0mCompiling .pioenvs/esp32-10-ant/newlib/src/flockfile.c.o
[0mCompiling .pioenvs/esp32-10-ant/newlib/src/reent_init.c.o
[0mCompiling .pioenvs/esp32-10-ant/newlib/src/newlib_init.c.o
[0mCompiling .pioenvs/esp32-10-ant/nvs_flash/src/nvs_api.cpp.o
[0mCompiling .pioenvs/esp32-10-ant/nvs_flash/src/nvs_cxx_api.cpp.o
[0mCompiling .pioenvs/esp32-10-ant/nvs_flash/src/nvs_item_hash_list.cpp.o
[0mArchiving .pioenvs/esp32-10-ant/esp-idf/newlib/libnewlib.a
[0mIndexing .pioenvs/esp32-10-ant/esp-idf/newlib/libnewlib.a
[0mCompiling .pioenvs/esp32-10-ant/nvs_flash/src/nvs_page.cpp.o
[0mCompiling .pioenvs/esp32-10-ant/nvs_flash/src/nvs_pagemanager.cpp.o
[0mCompiling .pioenvs/esp32-10-ant/nvs_flash/src/nvs_storage.cpp.o
[0mCompiling .pioenvs/esp32-10-ant/nvs_flash/src/nvs_handle_simple.cpp.o
[0mCompiling .pioenvs/esp32-10-ant/nvs_flash/src/nvs_handle_locked.cpp.o
[0mCompiling .pioenvs/esp32-10-ant/nvs_flash/src/nvs_partition.cpp.o
[0mCompiling .pioenvs/esp32-10-ant/nvs_flash/src/nvs_partition_lookup.cpp.o
[0mCompiling .pioenvs/esp32-10-ant/nvs_flash/src/nvs_partition_manager.cpp.o
[0mCompiling .pioenvs/esp32-10-ant/nvs_flash/src/nvs_types.cpp.o
[0mCompiling .pioenvs/esp32-10-ant/nvs_flash/src/nvs_platform.cpp.o
[0mCompiling .pioenvs/esp32-10-ant/nvs_flash/src/nvs_bootloader.c.o
[0mCompiling .pioenvs/esp32-10-ant/nvs_flash/src/nvs_encrypted_partition.cpp.o
[0mCompiling .pioenvs/esp32-10-ant/nvs_flash/src/nvs_bootloader_aes.c.o
[0mCompiling .pioenvs/esp32-10-ant/nvs_flash/src/nvs_bootloader_xts_aes.c.o
[0mCompiling .pioenvs/esp32-10-ant/nvs_sec_provider/nvs_sec_provider.c.o
[0mArchiving .pioenvs/esp32-10-ant/esp-idf/nvs_sec_provider/libnvs_sec_provider.a
[0mIndexing .pioenvs/esp32-10-ant/esp-idf/nvs_sec_provider/libnvs_sec_provider.a
[0mCompiling .pioenvs/esp32-10-ant/protobuf-c/protobuf-c/protobuf-c/protobuf-c.c.o
[0mCompiling .pioenvs/esp32-10-ant/pthread/pthread.c.o
[0mCompiling .pioenvs/esp32-10-ant/pthread/pthread_cond_var.c.o
[0mCompiling .pioenvs/esp32-10-ant/pthread/pthread_local_storage.c.o
[0mArchiving .pioenvs/esp32-10-ant/esp-idf/nvs_flash/libnvs_flash.a
[0mIndexing .pioenvs/esp32-10-ant/esp-idf/nvs_flash/libnvs_flash.a
[0mCompiling .pioenvs/esp32-10-ant/pthread/pthread_rwlock.c.o
[0mCompiling .pioenvs/esp32-10-ant/pthread/pthread_semaphore.c.o
[0mCompiling .pioenvs/esp32-10-ant/rt/FreeRTOS_POSIX_mqueue.c.o
[0mCompiling .pioenvs/esp32-10-ant/rt/FreeRTOS_POSIX_utils.c.o
[0mArchiving .pioenvs/esp32-10-ant/esp-idf/pthread/libpthread.a
[0mIndexing .pioenvs/esp32-10-ant/esp-idf/pthread/libpthread.a
[0mCompiling .pioenvs/esp32-10-ant/sdmmc/sdmmc_cmd.c.o
[0mCompiling .pioenvs/esp32-10-ant/sdmmc/sdmmc_common.c.o
[0mArchiving .pioenvs/esp32-10-ant/esp-idf/rt/librt.a
[0mIndexing .pioenvs/esp32-10-ant/esp-idf/rt/librt.a
[0mCompiling .pioenvs/esp32-10-ant/sdmmc/sdmmc_init.c.o
[0mArchiving .pioenvs/esp32-10-ant/esp-idf/protobuf-c/libprotobuf-c.a
[0mIndexing .pioenvs/esp32-10-ant/esp-idf/protobuf-c/libprotobuf-c.a
[0mCompiling .pioenvs/esp32-10-ant/sdmmc/sdmmc_io.c.o
[0mCompiling .pioenvs/esp32-10-ant/sdmmc/sdmmc_mmc.c.o
[0mCompiling .pioenvs/esp32-10-ant/sdmmc/sdmmc_sd.c.o
[0mCompiling .pioenvs/esp32-10-ant/sdmmc/sd_pwr_ctrl/sd_pwr_ctrl.c.o
[0mCompiling .pioenvs/esp32-10-ant/soc/lldesc.c.o
[0mCompiling .pioenvs/esp32-10-ant/soc/dport_access_common.c.o
[0mCompiling .pioenvs/esp32-10-ant/soc/esp32/interrupts.c.o
[0mCompiling .pioenvs/esp32-10-ant/soc/esp32/gpio_periph.c.o
[0mCompiling .pioenvs/esp32-10-ant/soc/esp32/uart_periph.c.o
[0mCompiling .pioenvs/esp32-10-ant/soc/esp32/dport_access.c.o
[0mCompiling .pioenvs/esp32-10-ant/soc/esp32/adc_periph.c.o
[0mCompiling .pioenvs/esp32-10-ant/soc/esp32/emac_periph.c.o
[0mCompiling .pioenvs/esp32-10-ant/soc/esp32/spi_periph.c.o
[0mCompiling .pioenvs/esp32-10-ant/soc/esp32/ledc_periph.c.o
[0mCompiling .pioenvs/esp32-10-ant/soc/esp32/pcnt_periph.c.o
[0mArchiving .pioenvs/esp32-10-ant/esp-idf/sdmmc/libsdmmc.a
[0mIndexing .pioenvs/esp32-10-ant/esp-idf/sdmmc/libsdmmc.a
[0mCompiling .pioenvs/esp32-10-ant/soc/esp32/rmt_periph.c.o
[0mCompiling .pioenvs/esp32-10-ant/soc/esp32/sdm_periph.c.o
[0mCompiling .pioenvs/esp32-10-ant/soc/esp32/i2s_periph.c.o
[0mCompiling .pioenvs/esp32-10-ant/soc/esp32/i2c_periph.c.o
[0mCompiling .pioenvs/esp32-10-ant/soc/esp32/timer_periph.c.o
[0mCompiling .pioenvs/esp32-10-ant/soc/esp32/lcd_periph.c.o
[0mCompiling .pioenvs/esp32-10-ant/soc/esp32/mcpwm_periph.c.o
[0mCompiling .pioenvs/esp32-10-ant/soc/esp32/mpi_periph.c.o
[0mCompiling .pioenvs/esp32-10-ant/soc/esp32/sdmmc_periph.c.o
[0mCompiling .pioenvs/esp32-10-ant/soc/esp32/touch_sensor_periph.c.o
[0mCompiling .pioenvs/esp32-10-ant/soc/esp32/twai_periph.c.o
[0mCompiling .pioenvs/esp32-10-ant/soc/esp32/wdt_periph.c.o
[0mCompiling .pioenvs/esp32-10-ant/soc/esp32/dac_periph.c.o
[0mCompiling .pioenvs/esp32-10-ant/soc/esp32/rtc_io_periph.c.o
[0mCompiling .pioenvs/esp32-10-ant/soc/esp32/sdio_slave_periph.c.o
[0mCompiling .pioenvs/esp32-10-ant/soc/esp32/power_supply_periph.c.o
[0mCompiling .pioenvs/esp32-10-ant/spi_flash/flash_brownout_hook.c.o
[0mCompiling .pioenvs/esp32-10-ant/spi_flash/spi_flash_chip_drivers.c.o
[0mArchiving .pioenvs/esp32-10-ant/esp-idf/soc/libsoc.a
[0mIndexing .pioenvs/esp32-10-ant/esp-idf/soc/libsoc.a
[0mCompiling .pioenvs/esp32-10-ant/spi_flash/spi_flash_chip_generic.c.o
[0mCompiling .pioenvs/esp32-10-ant/spi_flash/spi_flash_chip_issi.c.o
[0mCompiling .pioenvs/esp32-10-ant/spi_flash/spi_flash_chip_mxic.c.o
[0mCompiling .pioenvs/esp32-10-ant/spi_flash/spi_flash_chip_gd.c.o
[0mCompiling .pioenvs/esp32-10-ant/spi_flash/spi_flash_chip_winbond.c.o
[0mCompiling .pioenvs/esp32-10-ant/spi_flash/spi_flash_chip_boya.c.o
[0mCompiling .pioenvs/esp32-10-ant/spi_flash/spi_flash_chip_mxic_opi.c.o
[0mCompiling .pioenvs/esp32-10-ant/spi_flash/spi_flash_chip_th.c.o
[0mCompiling .pioenvs/esp32-10-ant/spi_flash/memspi_host_driver.c.o
[0mCompiling .pioenvs/esp32-10-ant/spi_flash/cache_utils.c.o
[0mCompiling .pioenvs/esp32-10-ant/spi_flash/flash_mmap.c.o
[0mCompiling .pioenvs/esp32-10-ant/spi_flash/flash_ops.c.o
[0mCompiling .pioenvs/esp32-10-ant/spi_flash/spi_flash_wrap.c.o
[0mCompiling .pioenvs/esp32-10-ant/spi_flash/esp_flash_api.c.o
[0mCompiling .pioenvs/esp32-10-ant/spi_flash/esp_flash_spi_init.c.o
[0mCompiling .pioenvs/esp32-10-ant/spi_flash/spi_flash_os_func_app.c.o
[0mCompiling .pioenvs/esp32-10-ant/spi_flash/spi_flash_os_func_noos.c.o
[0mCompiling .pioenvs/esp32-10-ant/tcp_transport/transport.c.o
[0mCompiling .pioenvs/esp32-10-ant/tcp_transport/transport_ssl.c.o
[0mCompiling .pioenvs/esp32-10-ant/tcp_transport/transport_internal.c.o
[0mArchiving .pioenvs/esp32-10-ant/esp-idf/spi_flash/libspi_flash.a
[0mIndexing .pioenvs/esp32-10-ant/esp-idf/spi_flash/libspi_flash.a
[0mCompiling .pioenvs/esp32-10-ant/tcp_transport/transport_socks_proxy.c.o
[0mCompiling .pioenvs/esp32-10-ant/tcp_transport/transport_ws.c.o
[0mCompiling .pioenvs/esp32-10-ant/vfs/vfs.c.o
[0mCompiling .pioenvs/esp32-10-ant/vfs/vfs_eventfd.c.o
[0mCompiling .pioenvs/esp32-10-ant/vfs/vfs_semihost.c.o
[0mCompiling .pioenvs/esp32-10-ant/vfs/nullfs.c.o
[0mArchiving .pioenvs/esp32-10-ant/esp-idf/tcp_transport/libtcp_transport.a
[0mIndexing .pioenvs/esp32-10-ant/esp-idf/tcp_transport/libtcp_transport.a
[0mCompiling .pioenvs/esp32-10-ant/wpa_supplicant/port/os_xtensa.c.o
[0mCompiling .pioenvs/esp32-10-ant/wpa_supplicant/port/eloop.c.o
[0mArchiving .pioenvs/esp32-10-ant/esp-idf/vfs/libvfs.a
[0mCompiling .pioenvs/esp32-10-ant/wpa_supplicant/src/ap/ap_config.c.o
[0mIndexing .pioenvs/esp32-10-ant/esp-idf/vfs/libvfs.a
[0mCompiling .pioenvs/esp32-10-ant/wpa_supplicant/src/ap/ieee802_1x.c.o
[0mCompiling .pioenvs/esp32-10-ant/wpa_supplicant/src/ap/wpa_auth.c.o
[0mCompiling .pioenvs/esp32-10-ant/wpa_supplicant/src/ap/wpa_auth_ie.c.o
[0mCompiling .pioenvs/esp32-10-ant/wpa_supplicant/src/ap/pmksa_cache_auth.c.o
[0mCompiling .pioenvs/esp32-10-ant/wpa_supplicant/src/ap/sta_info.c.o
[0mCompiling .pioenvs/esp32-10-ant/wpa_supplicant/src/ap/ieee802_11.c.o
[0mCompiling .pioenvs/esp32-10-ant/wpa_supplicant/src/ap/comeback_token.c.o
[0mCompiling .pioenvs/esp32-10-ant/wpa_supplicant/src/common/sae.c.o
[0mCompiling .pioenvs/esp32-10-ant/wpa_supplicant/src/common/dragonfly.c.o
[0mCompiling .pioenvs/esp32-10-ant/wpa_supplicant/src/common/wpa_common.c.o
[0mCompiling .pioenvs/esp32-10-ant/wpa_supplicant/src/utils/bitfield.c.o
[0mCompiling .pioenvs/esp32-10-ant/wpa_supplicant/src/crypto/aes-siv.c.o
[0mCompiling .pioenvs/esp32-10-ant/wpa_supplicant/src/crypto/sha256-kdf.c.o
[0mCompiling .pioenvs/esp32-10-ant/wpa_supplicant/src/crypto/ccmp.c.o
[0mCompiling .pioenvs/esp32-10-ant/wpa_supplicant/src/crypto/aes-gcm.c.o
[0mCompiling .pioenvs/esp32-10-ant/wpa_supplicant/src/crypto/crypto_ops.c.o
[0mCompiling .pioenvs/esp32-10-ant/wpa_supplicant/src/crypto/dh_group5.c.o
[0mCompiling .pioenvs/esp32-10-ant/wpa_supplicant/src/crypto/dh_groups.c.o
[0mCompiling .pioenvs/esp32-10-ant/wpa_supplicant/src/crypto/ms_funcs.c.o
[0mCompiling .pioenvs/esp32-10-ant/wpa_supplicant/src/crypto/sha1-tlsprf.c.o
[0mCompiling .pioenvs/esp32-10-ant/wpa_supplicant/src/crypto/sha256-tlsprf.c.o
[0mCompiling .pioenvs/esp32-10-ant/wpa_supplicant/src/crypto/sha384-tlsprf.c.o
[0mCompiling .pioenvs/esp32-10-ant/wpa_supplicant/src/crypto/sha256-prf.c.o
[0mCompiling .pioenvs/esp32-10-ant/wpa_supplicant/src/crypto/sha1-prf.c.o
[0mCompiling .pioenvs/esp32-10-ant/wpa_supplicant/src/crypto/sha384-prf.c.o
[0mCompiling .pioenvs/esp32-10-ant/wpa_supplicant/src/crypto/md4-internal.c.o
[0mCompiling .pioenvs/esp32-10-ant/wpa_supplicant/src/crypto/sha1-tprf.c.o
[0mCompiling .pioenvs/esp32-10-ant/wpa_supplicant/src/eap_common/eap_wsc_common.c.o
[0mCompiling .pioenvs/esp32-10-ant/wpa_supplicant/src/common/ieee802_11_common.c.o
[0mCompiling .pioenvs/esp32-10-ant/wpa_supplicant/src/eap_peer/chap.c.o
[0mCompiling .pioenvs/esp32-10-ant/wpa_supplicant/src/eap_peer/eap.c.o
[0mCompiling .pioenvs/esp32-10-ant/wpa_supplicant/src/eap_peer/eap_common.c.o
[0mCompiling .pioenvs/esp32-10-ant/wpa_supplicant/src/eap_peer/eap_mschapv2.c.o
[0mCompiling .pioenvs/esp32-10-ant/wpa_supplicant/src/eap_peer/eap_peap.c.o
[0mCompiling .pioenvs/esp32-10-ant/wpa_supplicant/src/eap_peer/eap_peap_common.c.o
[0mCompiling .pioenvs/esp32-10-ant/wpa_supplicant/src/eap_peer/eap_tls.c.o
[0mCompiling .pioenvs/esp32-10-ant/wpa_supplicant/src/eap_peer/eap_tls_common.c.o
[0mCompiling .pioenvs/esp32-10-ant/wpa_supplicant/src/eap_peer/eap_ttls.c.o
[0mCompiling .pioenvs/esp32-10-ant/wpa_supplicant/src/eap_peer/mschapv2.c.o
[0mCompiling .pioenvs/esp32-10-ant/wpa_supplicant/src/eap_peer/eap_fast.c.o
[0mCompiling .pioenvs/esp32-10-ant/wpa_supplicant/src/eap_peer/eap_fast_common.c.o
[0mCompiling .pioenvs/esp32-10-ant/wpa_supplicant/src/eap_peer/eap_fast_pac.c.o
[0mCompiling .pioenvs/esp32-10-ant/wpa_supplicant/src/rsn_supp/pmksa_cache.c.o
[0mCompiling .pioenvs/esp32-10-ant/wpa_supplicant/src/rsn_supp/wpa.c.o
[0mCompiling .pioenvs/esp32-10-ant/wpa_supplicant/src/rsn_supp/wpa_ie.c.o
[0mCompiling .pioenvs/esp32-10-ant/wpa_supplicant/src/utils/base64.c.o
[0mCompiling .pioenvs/esp32-10-ant/wpa_supplicant/src/utils/common.c.o
[0mCompiling .pioenvs/esp32-10-ant/wpa_supplicant/src/utils/ext_password.c.o
[0mCompiling .pioenvs/esp32-10-ant/wpa_supplicant/src/utils/uuid.c.o
[0mCompiling .pioenvs/esp32-10-ant/wpa_supplicant/src/utils/wpabuf.c.o
[0mCompiling .pioenvs/esp32-10-ant/wpa_supplicant/src/utils/wpa_debug.c.o
[0mCompiling .pioenvs/esp32-10-ant/wpa_supplicant/src/utils/json.c.o
[0mCompiling .pioenvs/esp32-10-ant/wpa_supplicant/src/wps/wps.c.o
[0mCompiling .pioenvs/esp32-10-ant/wpa_supplicant/src/wps/wps_attr_build.c.o
[0mCompiling .pioenvs/esp32-10-ant/wpa_supplicant/src/wps/wps_attr_parse.c.o
[0mCompiling .pioenvs/esp32-10-ant/wpa_supplicant/src/wps/wps_attr_process.c.o
[0mCompiling .pioenvs/esp32-10-ant/wpa_supplicant/src/wps/wps_common.c.o
[0mCompiling .pioenvs/esp32-10-ant/wpa_supplicant/src/wps/wps_dev_attr.c.o
[0mCompiling .pioenvs/esp32-10-ant/wpa_supplicant/src/wps/wps_enrollee.c.o
[0mCompiling .pioenvs/esp32-10-ant/wpa_supplicant/src/common/sae_pk.c.o
[0mCompiling .pioenvs/esp32-10-ant/wpa_supplicant/esp_supplicant/src/esp_eap_client.c.o
[0mCompiling .pioenvs/esp32-10-ant/wpa_supplicant/esp_supplicant/src/esp_wpa2_api_port.c.o
[0mCompiling .pioenvs/esp32-10-ant/wpa_supplicant/esp_supplicant/src/esp_wpa_main.c.o
[0mCompiling .pioenvs/esp32-10-ant/wpa_supplicant/esp_supplicant/src/esp_wpas_glue.c.o
[0mCompiling .pioenvs/esp32-10-ant/wpa_supplicant/esp_supplicant/src/esp_common.c.o
[0mCompiling .pioenvs/esp32-10-ant/wpa_supplicant/esp_supplicant/src/esp_wps.c.o
[0mCompiling .pioenvs/esp32-10-ant/wpa_supplicant/esp_supplicant/src/esp_wpa3.c.o
[0mCompiling .pioenvs/esp32-10-ant/wpa_supplicant/esp_supplicant/src/esp_owe.c.o
[0mCompiling .pioenvs/esp32-10-ant/wpa_supplicant/esp_supplicant/src/esp_hostap.c.o
[0mCompiling .pioenvs/esp32-10-ant/wpa_supplicant/src/tls/asn1.c.o
[0mCompiling .pioenvs/esp32-10-ant/wpa_supplicant/src/tls/bignum.c.o
[0mCompiling .pioenvs/esp32-10-ant/wpa_supplicant/src/tls/pkcs1.c.o
[0mCompiling .pioenvs/esp32-10-ant/wpa_supplicant/src/tls/pkcs5.c.o
[0mCompiling .pioenvs/esp32-10-ant/wpa_supplicant/src/tls/pkcs8.c.o
[0mCompiling .pioenvs/esp32-10-ant/wpa_supplicant/src/tls/rsa.c.o
[0mCompiling .pioenvs/esp32-10-ant/wpa_supplicant/src/crypto/tls_internal.c.o
[0mCompiling .pioenvs/esp32-10-ant/wpa_supplicant/src/tls/tlsv1_client.c.o
[0mCompiling .pioenvs/esp32-10-ant/wpa_supplicant/src/tls/tlsv1_client_read.c.o
[0mCompiling .pioenvs/esp32-10-ant/wpa_supplicant/src/tls/tlsv1_client_write.c.o
[0mCompiling .pioenvs/esp32-10-ant/wpa_supplicant/src/tls/tlsv1_common.c.o
[0mCompiling .pioenvs/esp32-10-ant/wpa_supplicant/src/tls/tlsv1_cred.c.o
[0mCompiling .pioenvs/esp32-10-ant/wpa_supplicant/src/tls/tlsv1_record.c.o
[0mCompiling .pioenvs/esp32-10-ant/wpa_supplicant/src/tls/tlsv1_client_ocsp.c.o
[0mCompiling .pioenvs/esp32-10-ant/wpa_supplicant/src/tls/x509v3.c.o
[0mCompiling .pioenvs/esp32-10-ant/wpa_supplicant/esp_supplicant/src/crypto/crypto_mbedtls.c.o
[0mCompiling .pioenvs/esp32-10-ant/wpa_supplicant/esp_supplicant/src/crypto/crypto_mbedtls-bignum.c.o
[0mCompiling .pioenvs/esp32-10-ant/wpa_supplicant/esp_supplicant/src/crypto/crypto_mbedtls-rsa.c.o
[0mCompiling .pioenvs/esp32-10-ant/wpa_supplicant/esp_supplicant/src/crypto/crypto_mbedtls-ec.c.o
[0mCompiling .pioenvs/esp32-10-ant/wpa_supplicant/src/crypto/rc4.c.o
[0mCompiling .pioenvs/esp32-10-ant/wpa_supplicant/src/crypto/des-internal.c.o
[0mCompiling .pioenvs/esp32-10-ant/wpa_supplicant/esp_supplicant/src/crypto/fastpbkdf2.c.o
[0mCompiling .pioenvs/esp32-10-ant/wpa_supplicant/src/crypto/aes-wrap.c.o
[0mCompiling .pioenvs/esp32-10-ant/wpa_supplicant/src/crypto/aes-unwrap.c.o
[0mCompiling .pioenvs/esp32-10-ant/wpa_supplicant/src/crypto/aes-ccm.c.o
[0mCompiling .pioenvs/esp32-10-ant/xtensa/eri.c.o
[0mCompiling .pioenvs/esp32-10-ant/xtensa/xt_trax.c.o
[0mCompiling .pioenvs/esp32-10-ant/xtensa/xtensa_context.S.o
[0mCompiling .pioenvs/esp32-10-ant/xtensa/xtensa_intr_asm.S.o
[0mCompiling .pioenvs/esp32-10-ant/xtensa/xtensa_intr.c.o
[0mCompiling .pioenvs/esp32-10-ant/xtensa/xtensa_vectors.S.o
[0mCompiling .pioenvs/esp32-10-ant/mbedtls/mbedtls/3rdparty/everest/library/everest.c.o
[0mCompiling .pioenvs/esp32-10-ant/mbedtls/mbedtls/3rdparty/everest/library/x25519.c.o
[0mArchiving .pioenvs/esp32-10-ant/esp-idf/wpa_supplicant/libwpa_supplicant.a
[0mCompiling .pioenvs/esp32-10-ant/mbedtls/mbedtls/3rdparty/everest/library/Hacl_Curve25519_joined.c.o
[0mArchiving .pioenvs/esp32-10-ant/esp-idf/xtensa/libxtensa.a
[0mIndexing .pioenvs/esp32-10-ant/esp-idf/xtensa/libxtensa.a
[0mIndexing .pioenvs/esp32-10-ant/esp-idf/wpa_supplicant/libwpa_supplicant.a
[0mCompiling .pioenvs/esp32-10-ant/mbedtls/mbedtls/library/aes.c.o
[0mArchiving .pioenvs/esp32-10-ant/esp-idf/mbedtls/mbedtls/3rdparty/everest/libeverest.a
[0mIndexing .pioenvs/esp32-10-ant/esp-idf/mbedtls/mbedtls/3rdparty/everest/libeverest.a
[0mCompiling .pioenvs/esp32-10-ant/mbedtls/mbedtls/library/aesni.c.o
[0mCompiling .pioenvs/esp32-10-ant/mbedtls/mbedtls/library/aesce.c.o
[0mCompiling .pioenvs/esp32-10-ant/mbedtls/mbedtls/library/aria.c.o
[0mCompiling .pioenvs/esp32-10-ant/mbedtls/mbedtls/library/asn1parse.c.o
[0mCompiling .pioenvs/esp32-10-ant/mbedtls/mbedtls/library/asn1write.c.o
[0mCompiling .pioenvs/esp32-10-ant/mbedtls/mbedtls/library/base64.c.o
[0mCompiling .pioenvs/esp32-10-ant/mbedtls/mbedtls/library/bignum.c.o
[0mCompiling .pioenvs/esp32-10-ant/mbedtls/mbedtls/library/bignum_core.c.o
[0mCompiling .pioenvs/esp32-10-ant/mbedtls/mbedtls/library/bignum_mod.c.o
[0mCompiling .pioenvs/esp32-10-ant/mbedtls/mbedtls/library/bignum_mod_raw.c.o
[0mCompiling .pioenvs/esp32-10-ant/mbedtls/mbedtls/library/block_cipher.c.o
[0mCompiling .pioenvs/esp32-10-ant/mbedtls/mbedtls/library/camellia.c.o
[0mCompiling .pioenvs/esp32-10-ant/mbedtls/mbedtls/library/ccm.c.o
[0mCompiling .pioenvs/esp32-10-ant/mbedtls/mbedtls/library/chacha20.c.o
[0mCompiling .pioenvs/esp32-10-ant/mbedtls/mbedtls/library/chachapoly.c.o
[0mCompiling .pioenvs/esp32-10-ant/mbedtls/mbedtls/library/cipher.c.o
[0mCompiling .pioenvs/esp32-10-ant/mbedtls/mbedtls/library/cipher_wrap.c.o
[0mCompiling .pioenvs/esp32-10-ant/mbedtls/mbedtls/library/constant_time.c.o
[0mCompiling .pioenvs/esp32-10-ant/mbedtls/mbedtls/library/cmac.c.o
[0mCompiling .pioenvs/esp32-10-ant/mbedtls/mbedtls/library/ctr_drbg.c.o
[0mCompiling .pioenvs/esp32-10-ant/mbedtls/mbedtls/library/des.c.o
[0mCompiling .pioenvs/esp32-10-ant/mbedtls/mbedtls/library/dhm.c.o
[0mCompiling .pioenvs/esp32-10-ant/mbedtls/mbedtls/library/ecdh.c.o
[0mCompiling .pioenvs/esp32-10-ant/mbedtls/mbedtls/library/ecdsa.c.o
[0mCompiling .pioenvs/esp32-10-ant/mbedtls/mbedtls/library/ecjpake.c.o
[0mCompiling .pioenvs/esp32-10-ant/mbedtls/mbedtls/library/ecp.c.o
[0mCompiling .pioenvs/esp32-10-ant/mbedtls/mbedtls/library/ecp_curves.c.o
[0mCompiling .pioenvs/esp32-10-ant/mbedtls/mbedtls/library/ecp_curves_new.c.o
[0mCompiling .pioenvs/esp32-10-ant/mbedtls/mbedtls/library/entropy.c.o
[0mCompiling .pioenvs/esp32-10-ant/mbedtls/mbedtls/library/entropy_poll.c.o
[0mCompiling .pioenvs/esp32-10-ant/mbedtls/mbedtls/library/error.c.o
[0mCompiling .pioenvs/esp32-10-ant/mbedtls/mbedtls/library/gcm.c.o
[0mCompiling .pioenvs/esp32-10-ant/mbedtls/mbedtls/library/hkdf.c.o
[0mCompiling .pioenvs/esp32-10-ant/mbedtls/mbedtls/library/hmac_drbg.c.o
[0mCompiling .pioenvs/esp32-10-ant/mbedtls/mbedtls/library/lmots.c.o
[0mCompiling .pioenvs/esp32-10-ant/mbedtls/mbedtls/library/lms.c.o
[0mCompiling .pioenvs/esp32-10-ant/mbedtls/mbedtls/library/md.c.o
[0mCompiling .pioenvs/esp32-10-ant/mbedtls/mbedtls/library/md5.c.o
[0mCompiling .pioenvs/esp32-10-ant/mbedtls/mbedtls/library/memory_buffer_alloc.c.o
[0mCompiling .pioenvs/esp32-10-ant/mbedtls/mbedtls/library/nist_kw.c.o
[0mCompiling .pioenvs/esp32-10-ant/mbedtls/mbedtls/library/oid.c.o
[0mCompiling .pioenvs/esp32-10-ant/mbedtls/mbedtls/library/padlock.c.o
[0mCompiling .pioenvs/esp32-10-ant/mbedtls/mbedtls/library/pem.c.o
[0mCompiling .pioenvs/esp32-10-ant/mbedtls/mbedtls/library/pk.c.o
[0mCompiling .pioenvs/esp32-10-ant/mbedtls/mbedtls/library/pk_ecc.c.o
[0mCompiling .pioenvs/esp32-10-ant/mbedtls/mbedtls/library/pk_wrap.c.o
[0mCompiling .pioenvs/esp32-10-ant/mbedtls/mbedtls/library/pkcs12.c.o
[0mCompiling .pioenvs/esp32-10-ant/mbedtls/mbedtls/library/pkcs5.c.o
[0mCompiling .pioenvs/esp32-10-ant/mbedtls/mbedtls/library/pkparse.c.o
[0mCompiling .pioenvs/esp32-10-ant/mbedtls/mbedtls/library/pkwrite.c.o
[0mCompiling .pioenvs/esp32-10-ant/mbedtls/mbedtls/library/platform.c.o
[0mCompiling .pioenvs/esp32-10-ant/mbedtls/mbedtls/library/platform_util.c.o
[0mCompiling .pioenvs/esp32-10-ant/mbedtls/mbedtls/library/poly1305.c.o
[0mCompiling .pioenvs/esp32-10-ant/mbedtls/mbedtls/library/psa_crypto.c.o
[0mCompiling .pioenvs/esp32-10-ant/mbedtls/mbedtls/library/psa_crypto_aead.c.o
[0mCompiling .pioenvs/esp32-10-ant/mbedtls/mbedtls/library/psa_crypto_cipher.c.o
[0mCompiling .pioenvs/esp32-10-ant/mbedtls/mbedtls/library/psa_crypto_client.c.o
[0mCompiling .pioenvs/esp32-10-ant/mbedtls/mbedtls/library/psa_crypto_driver_wrappers_no_static.c.o
[0mCompiling .pioenvs/esp32-10-ant/mbedtls/mbedtls/library/psa_crypto_ecp.c.o
[0mCompiling .pioenvs/esp32-10-ant/mbedtls/mbedtls/library/psa_crypto_ffdh.c.o
[0mCompiling .pioenvs/esp32-10-ant/mbedtls/mbedtls/library/psa_crypto_hash.c.o
[0mCompiling .pioenvs/esp32-10-ant/mbedtls/mbedtls/library/psa_crypto_mac.c.o
[0mCompiling .pioenvs/esp32-10-ant/mbedtls/mbedtls/library/psa_crypto_pake.c.o
[0mCompiling .pioenvs/esp32-10-ant/mbedtls/mbedtls/library/psa_crypto_rsa.c.o
[0mCompiling .pioenvs/esp32-10-ant/mbedtls/mbedtls/library/psa_crypto_se.c.o
[0mCompiling .pioenvs/esp32-10-ant/mbedtls/mbedtls/library/psa_crypto_slot_management.c.o
[0mCompiling .pioenvs/esp32-10-ant/mbedtls/mbedtls/library/psa_crypto_storage.c.o
[0mCompiling .pioenvs/esp32-10-ant/mbedtls/mbedtls/library/psa_its_file.c.o
[0mCompiling .pioenvs/esp32-10-ant/mbedtls/mbedtls/library/psa_util.c.o
[0mCompiling .pioenvs/esp32-10-ant/mbedtls/mbedtls/library/ripemd160.c.o
[0mCompiling .pioenvs/esp32-10-ant/mbedtls/mbedtls/library/rsa.c.o
[0mCompiling .pioenvs/esp32-10-ant/mbedtls/mbedtls/library/rsa_alt_helpers.c.o
[0mCompiling .pioenvs/esp32-10-ant/mbedtls/mbedtls/library/sha1.c.o
[0mCompiling .pioenvs/esp32-10-ant/mbedtls/mbedtls/library/sha256.c.o
[0mCompiling .pioenvs/esp32-10-ant/mbedtls/mbedtls/library/sha512.c.o
[0mCompiling .pioenvs/esp32-10-ant/mbedtls/mbedtls/library/sha3.c.o
[0mCompiling .pioenvs/esp32-10-ant/mbedtls/mbedtls/library/threading.c.o
[0mCompiling .pioenvs/esp32-10-ant/mbedtls/mbedtls/library/timing.c.o
[0mCompiling .pioenvs/esp32-10-ant/mbedtls/mbedtls/library/version.c.o
[0mCompiling .pioenvs/esp32-10-ant/mbedtls/mbedtls/library/version_features.c.o
[0mCompiling .pioenvs/esp32-10-ant/mbedtls/port/esp_hardware.c.o
[0mCompiling .pioenvs/esp32-10-ant/mbedtls/port/esp_mem.c.o
[0mCompiling .pioenvs/esp32-10-ant/mbedtls/port/esp_timing.c.o
[0mCompiling .pioenvs/esp32-10-ant/mbedtls/port/aes/esp_aes_xts.c.o
[0mCompiling .pioenvs/esp32-10-ant/mbedtls/port/aes/esp_aes_common.c.o
[0mCompiling .pioenvs/esp32-10-ant/mbedtls/port/aes/block/esp_aes.c.o
[0mCompiling .pioenvs/esp32-10-ant/mbedtls/port/sha/esp_sha.c.o
[0mCompiling .pioenvs/esp32-10-ant/mbedtls/port/sha/parallel_engine/sha.c.o
[0mCompiling .pioenvs/esp32-10-ant/mbedtls/port/bignum/esp_bignum.c.o
[0mCompiling .pioenvs/esp32-10-ant/mbedtls/port/bignum/bignum_alt.c.o
[0mCompiling .pioenvs/esp32-10-ant/mbedtls/port/sha/parallel_engine/esp_sha1.c.o
[0mCompiling .pioenvs/esp32-10-ant/mbedtls/port/sha/parallel_engine/esp_sha256.c.o
[0mCompiling .pioenvs/esp32-10-ant/mbedtls/port/sha/parallel_engine/esp_sha512.c.o
[0mCompiling .pioenvs/esp32-10-ant/mbedtls/port/aes/esp_aes_gcm.c.o
[0mCompiling .pioenvs/esp32-10-ant/mbedtls/port/md/esp_md.c.o
[0mCompiling .pioenvs/esp32-10-ant/mbedtls/mbedtls/library/debug.c.o
[0mCompiling .pioenvs/esp32-10-ant/mbedtls/mbedtls/library/mps_reader.c.o
[0mCompiling .pioenvs/esp32-10-ant/mbedtls/mbedtls/library/mps_trace.c.o
[0mArchiving .pioenvs/esp32-10-ant/esp-idf/mbedtls/mbedtls/library/libmbedcrypto.a
[0mCompiling .pioenvs/esp32-10-ant/mbedtls/mbedtls/library/ssl_cache.c.o
[0mIndexing .pioenvs/esp32-10-ant/esp-idf/mbedtls/mbedtls/library/libmbedcrypto.a
[0mCompiling .pioenvs/esp32-10-ant/mbedtls/mbedtls/library/ssl_ciphersuites.c.o
[0mCompiling .pioenvs/esp32-10-ant/mbedtls/mbedtls/library/ssl_client.c.o
[0mCompiling .pioenvs/esp32-10-ant/mbedtls/mbedtls/library/ssl_cookie.c.o
[0mCompiling .pioenvs/esp32-10-ant/mbedtls/mbedtls/library/ssl_debug_helpers_generated.c.o
[0mCompiling .pioenvs/esp32-10-ant/mbedtls/mbedtls/library/ssl_msg.c.o
[0mCompiling .pioenvs/esp32-10-ant/mbedtls/mbedtls/library/ssl_ticket.c.o
[0mCompiling .pioenvs/esp32-10-ant/mbedtls/mbedtls/library/ssl_tls.c.o
[0mCompiling .pioenvs/esp32-10-ant/mbedtls/mbedtls/library/ssl_tls12_client.c.o
[0mCompiling .pioenvs/esp32-10-ant/mbedtls/mbedtls/library/ssl_tls12_server.c.o
[0mCompiling .pioenvs/esp32-10-ant/mbedtls/mbedtls/library/ssl_tls13_keys.c.o
[0mCompiling .pioenvs/esp32-10-ant/mbedtls/mbedtls/library/ssl_tls13_server.c.o
[0mCompiling .pioenvs/esp32-10-ant/mbedtls/mbedtls/library/ssl_tls13_client.c.o
[0mCompiling .pioenvs/esp32-10-ant/mbedtls/mbedtls/library/ssl_tls13_generic.c.o
[0mCompiling .pioenvs/esp32-10-ant/mbedtls/port/mbedtls_debug.c.o
[0mCompiling .pioenvs/esp32-10-ant/mbedtls/port/esp_platform_time.c.o
[0mCompiling .pioenvs/esp32-10-ant/mbedtls/port/net_sockets.c.o
[0mCompiling .pioenvs/esp32-10-ant/mbedtls/mbedtls/library/pkcs7.c.o
[0mCompiling .pioenvs/esp32-10-ant/mbedtls/mbedtls/library/x509.c.o
[0mCompiling .pioenvs/esp32-10-ant/mbedtls/mbedtls/library/x509_create.c.o
[0mCompiling .pioenvs/esp32-10-ant/mbedtls/mbedtls/library/x509_crl.c.o
[0mArchiving .pioenvs/esp32-10-ant/esp-idf/mbedtls/mbedtls/library/libmbedtls.a
[0mIndexing .pioenvs/esp32-10-ant/esp-idf/mbedtls/mbedtls/library/libmbedtls.a
[0mCompiling .pioenvs/esp32-10-ant/mbedtls/mbedtls/library/x509_crt.c.o
[0mCompiling .pioenvs/esp32-10-ant/mbedtls/mbedtls/library/x509_csr.c.o
[0mCompiling .pioenvs/esp32-10-ant/mbedtls/mbedtls/library/x509write.c.o
[0mCompiling .pioenvs/esp32-10-ant/mbedtls/mbedtls/library/x509write_crt.c.o
[0mCompiling .pioenvs/esp32-10-ant/mbedtls/mbedtls/library/x509write_csr.c.o
[0mCompiling .pioenvs/esp32-10-ant/mbedtls/mbedtls/3rdparty/p256-m/p256-m_driver_entrypoints.c.o
[0mCompiling .pioenvs/esp32-10-ant/mbedtls/mbedtls/3rdparty/p256-m/p256-m/p256-m.c.o
[0mCompiling .pioenvs/esp32-10-ant/bootloader/xtensa/eri.c.o
[0mCompiling .pioenvs/esp32-10-ant/bootloader/xtensa/xt_trax.c.o
[0mArchiving .pioenvs/esp32-10-ant/esp-idf/mbedtls/mbedtls/3rdparty/p256-m/libp256m.a
[0mIndexing .pioenvs/esp32-10-ant/esp-idf/mbedtls/mbedtls/3rdparty/p256-m/libp256m.a
[0mCompiling .pioenvs/esp32-10-ant/bootloader/bootloader/subproject/main/bootloader_start.c.o
[0mCompiling .pioenvs/esp32-10-ant/bootloader/bootloader_support/src/bootloader_common.c.o
[0mArchiving .pioenvs/esp32-10-ant/bootloader/esp-idf/xtensa/libxtensa.a
[0mIndexing .pioenvs/esp32-10-ant/bootloader/esp-idf/xtensa/libxtensa.a
[0mArchiving .pioenvs/esp32-10-ant/esp-idf/mbedtls/mbedtls/library/libmbedx509.a
[0mIndexing .pioenvs/esp32-10-ant/esp-idf/mbedtls/mbedtls/library/libmbedx509.a
[0mCompiling .pioenvs/esp32-10-ant/bootloader/bootloader_support/src/bootloader_common_loader.c.o
[0mArchiving .pioenvs/esp32-10-ant/bootloader/esp-idf/main/libmain.a
[0mGenerating project linker script .pioenvs/esp32-10-ant/sections.ld
[0mIndexing .pioenvs/esp32-10-ant/bootloader/esp-idf/main/libmain.a
[0mCompiling .pioenvs/esp32-10-ant/bootloader/bootloader_support/src/bootloader_clock_init.c.o
[0mCompiling .pioenvs/esp32-10-ant/bootloader/bootloader_support/src/bootloader_mem.c.o
[0mCompiling .pioenvs/esp32-10-ant/bootloader/bootloader_support/src/bootloader_random.c.o
[0mCompiling .pioenvs/esp32-10-ant/bootloader/bootloader_support/src/bootloader_efuse.c.o
[0mCompiling .pioenvs/esp32-10-ant/bootloader/bootloader_support/src/flash_encrypt.c.o
[0mCompiling .pioenvs/esp32-10-ant/bootloader/bootloader_support/src/secure_boot.c.o
[0mCompiling .pioenvs/esp32-10-ant/bootloader/bootloader_support/src/bootloader_random_esp32.c.o
[0mCompiling .pioenvs/esp32-10-ant/bootloader/bootloader_support/bootloader_flash/src/bootloader_flash.c.o
[0mCompiling .pioenvs/esp32-10-ant/bootloader/bootloader_support/bootloader_flash/src/flash_qio_mode.c.o
[0mCompiling .pioenvs/esp32-10-ant/bootloader/bootloader_support/bootloader_flash/src/bootloader_flash_config_esp32.c.o
[0mCompiling .pioenvs/esp32-10-ant/bootloader/bootloader_support/src/bootloader_utility.c.o
[0mCompiling .pioenvs/esp32-10-ant/bootloader/bootloader_support/src/flash_partitions.c.o
[0mCompiling .pioenvs/esp32-10-ant/bootloader/bootloader_support/src/esp_image_format.c.o
[0mCompiling .pioenvs/esp32-10-ant/bootloader/bootloader_support/src/bootloader_sha.c.o
[0mCompiling .pioenvs/esp32-10-ant/bootloader/bootloader_support/src/bootloader_init.c.o
[0mCompiling .pioenvs/esp32-10-ant/bootloader/bootloader_support/src/bootloader_clock_loader.c.o
[0mCompiling .pioenvs/esp32-10-ant/bootloader/bootloader_support/src/bootloader_console.c.o
[0mCompiling .pioenvs/esp32-10-ant/bootloader/bootloader_support/src/bootloader_console_loader.c.o
[0mCompiling .pioenvs/esp32-10-ant/bootloader/bootloader_support/src/esp32/bootloader_soc.c.o
[0mCompiling .pioenvs/esp32-10-ant/bootloader/bootloader_support/src/esp32/bootloader_esp32.c.o
[0mCompiling .pioenvs/esp32-10-ant/bootloader/bootloader_support/src/bootloader_panic.c.o
[0mCompiling .pioenvs/esp32-10-ant/bootloader/efuse/esp32/esp_efuse_table.c.o
[0mCompiling .pioenvs/esp32-10-ant/bootloader/efuse/esp32/esp_efuse_fields.c.o
[0mCompiling .pioenvs/esp32-10-ant/bootloader/efuse/esp32/esp_efuse_utility.c.o
[0mArchiving .pioenvs/esp32-10-ant/bootloader/esp-idf/bootloader_support/libbootloader_support.a
[0mIndexing .pioenvs/esp32-10-ant/bootloader/esp-idf/bootloader_support/libbootloader_support.a
[0mCompiling .pioenvs/esp32-10-ant/bootloader/efuse/src/esp_efuse_api.c.o
[0mCompiling .pioenvs/esp32-10-ant/bootloader/efuse/src/esp_efuse_fields.c.o
[0mCompiling .pioenvs/esp32-10-ant/bootloader/efuse/src/esp_efuse_utility.c.o
[0mCompiling .pioenvs/esp32-10-ant/bootloader/efuse/src/efuse_controller/keys/without_key_purposes/three_key_blocks/esp_efuse_api_key.c.o
[0mCompiling .pioenvs/esp32-10-ant/bootloader/esp_bootloader_format/esp_bootloader_desc.c.o
[0mArchiving .pioenvs/esp32-10-ant/bootloader/esp-idf/esp_bootloader_format/libesp_bootloader_format.a
[0mIndexing .pioenvs/esp32-10-ant/bootloader/esp-idf/esp_bootloader_format/libesp_bootloader_format.a
[0mCompiling .pioenvs/esp32-10-ant/bootloader/esp_common/src/esp_err_to_name.c.o
[0mCompiling .pioenvs/esp32-10-ant/bootloader/esp_hw_support/cpu.c.o
[0mArchiving .pioenvs/esp32-10-ant/bootloader/esp-idf/efuse/libefuse.a
[0mArchiving .pioenvs/esp32-10-ant/bootloader/esp-idf/esp_common/libesp_common.a
[0mIndexing .pioenvs/esp32-10-ant/bootloader/esp-idf/esp_common/libesp_common.a
[0mIndexing .pioenvs/esp32-10-ant/bootloader/esp-idf/efuse/libefuse.a
[0mCompiling .pioenvs/esp32-10-ant/bootloader/esp_hw_support/port/esp32/esp_cpu_intr.c.o
[0mCompiling .pioenvs/esp32-10-ant/bootloader/esp_hw_support/esp_memory_utils.c.o
[0mCompiling .pioenvs/esp32-10-ant/bootloader/esp_hw_support/port/esp32/cpu_region_protect.c.o
[0mCompiling .pioenvs/esp32-10-ant/bootloader/esp_hw_support/port/esp32/rtc_clk.c.o
[0mCompiling .pioenvs/esp32-10-ant/bootloader/esp_hw_support/port/esp32/rtc_clk_init.c.o
[0mCompiling .pioenvs/esp32-10-ant/bootloader/esp_hw_support/port/esp32/rtc_init.c.o
[0mCompiling .pioenvs/esp32-10-ant/bootloader/esp_hw_support/port/esp32/rtc_sleep.c.o
[0mCompiling .pioenvs/esp32-10-ant/bootloader/esp_hw_support/port/esp32/rtc_time.c.o
[0mCompiling .pioenvs/esp32-10-ant/bootloader/esp_hw_support/port/esp32/chip_info.c.o
[0mCompiling .pioenvs/esp32-10-ant/bootloader/esp_rom/patches/esp_rom_sys.c.o
[0mCompiling .pioenvs/esp32-10-ant/bootloader/esp_rom/patches/esp_rom_print.c.o
[0mArchiving .pioenvs/esp32-10-ant/bootloader/esp-idf/esp_hw_support/libesp_hw_support.a
[0mIndexing .pioenvs/esp32-10-ant/bootloader/esp-idf/esp_hw_support/libesp_hw_support.a
[0mCompiling .pioenvs/esp32-10-ant/bootloader/esp_rom/patches/esp_rom_crc.c.o
[0mCompiling .pioenvs/esp32-10-ant/bootloader/esp_rom/patches/esp_rom_uart.c.o
[0mCompiling .pioenvs/esp32-10-ant/bootloader/esp_rom/patches/esp_rom_spiflash.c.o
[0mCompiling .pioenvs/esp32-10-ant/bootloader/esp_rom/patches/esp_rom_efuse.c.o
[0mCompiling .pioenvs/esp32-10-ant/bootloader/esp_rom/patches/esp_rom_gpio.c.o
[0mCompiling .pioenvs/esp32-10-ant/bootloader/esp_rom/patches/esp_rom_longjmp.S.o
[0mCompiling .pioenvs/esp32-10-ant/bootloader/esp_system/esp_err.c.o
[0mCompiling .pioenvs/esp32-10-ant/bootloader/hal/hal_utils.c.o
[0mArchiving .pioenvs/esp32-10-ant/bootloader/esp-idf/esp_system/libesp_system.a
[0mIndexing .pioenvs/esp32-10-ant/bootloader/esp-idf/esp_system/libesp_system.a
[0mCompiling .pioenvs/esp32-10-ant/bootloader/hal/mpu_hal.c.o
[0mCompiling .pioenvs/esp32-10-ant/bootloader/hal/efuse_hal.c.o
[0mCompiling .pioenvs/esp32-10-ant/bootloader/hal/esp32/efuse_hal.c.o
[0mArchiving .pioenvs/esp32-10-ant/bootloader/esp-idf/esp_rom/libesp_rom.a
[0mIndexing .pioenvs/esp32-10-ant/bootloader/esp-idf/esp_rom/libesp_rom.a
[0mCompiling .pioenvs/esp32-10-ant/bootloader/hal/wdt_hal_iram.c.o
[0mCompiling .pioenvs/esp32-10-ant/bootloader/hal/mmu_hal.c.o
[0mCompiling .pioenvs/esp32-10-ant/bootloader/hal/esp32/cache_hal_esp32.c.o
[0mCompiling .pioenvs/esp32-10-ant/bootloader/log/src/noos/log_timestamp.c.o
[0mCompiling .pioenvs/esp32-10-ant/bootloader/log/src/log_timestamp_common.c.o
[0mCompiling .pioenvs/esp32-10-ant/bootloader/log/src/noos/log_lock.c.o
[0mArchiving .pioenvs/esp32-10-ant/bootloader/esp-idf/hal/libhal.a
[0mIndexing .pioenvs/esp32-10-ant/bootloader/esp-idf/hal/libhal.a
[0mCompiling .pioenvs/esp32-10-ant/bootloader/log/src/buffer/log_buffers.c.o
[0mCompiling .pioenvs/esp32-10-ant/bootloader/log/src/noos/util.c.o
[0mCompiling .pioenvs/esp32-10-ant/bootloader/log/src/util.c.o
[0mCompiling .pioenvs/esp32-10-ant/bootloader/log/src/log_format_text.c.o
[0mCompiling .pioenvs/esp32-10-ant/bootloader/log/src/log_print.c.o
[0mCompiling .pioenvs/esp32-10-ant/bootloader/log/src/log.c.o
[0mCompiling .pioenvs/esp32-10-ant/bootloader/bootloader/subproject/components/micro-ecc/uECC_verify_antifault.c.o
[0mCompiling .pioenvs/esp32-10-ant/bootloader/soc/lldesc.c.o
[0mArchiving .pioenvs/esp32-10-ant/bootloader/esp-idf/log/liblog.a
[0mIndexing .pioenvs/esp32-10-ant/bootloader/esp-idf/log/liblog.a
[0mCompiling .pioenvs/esp32-10-ant/bootloader/soc/dport_access_common.c.o
[0mCompiling .pioenvs/esp32-10-ant/bootloader/soc/esp32/interrupts.c.o
[0mCompiling .pioenvs/esp32-10-ant/bootloader/soc/esp32/gpio_periph.c.o
[0mCompiling .pioenvs/esp32-10-ant/bootloader/soc/esp32/uart_periph.c.o
[0mCompiling .pioenvs/esp32-10-ant/bootloader/soc/esp32/dport_access.c.o
[0mCompiling .pioenvs/esp32-10-ant/bootloader/soc/esp32/adc_periph.c.o
[0mCompiling .pioenvs/esp32-10-ant/bootloader/soc/esp32/emac_periph.c.o
[0mCompiling .pioenvs/esp32-10-ant/bootloader/soc/esp32/spi_periph.c.o
[0mCompiling .pioenvs/esp32-10-ant/bootloader/soc/esp32/ledc_periph.c.o
[0mCompiling .pioenvs/esp32-10-ant/bootloader/soc/esp32/pcnt_periph.c.o
[0mCompiling .pioenvs/esp32-10-ant/bootloader/soc/esp32/rmt_periph.c.o
[0mCompiling .pioenvs/esp32-10-ant/bootloader/soc/esp32/sdm_periph.c.o
[0mCompiling .pioenvs/esp32-10-ant/bootloader/soc/esp32/i2s_periph.c.o
[0mCompiling .pioenvs/esp32-10-ant/bootloader/soc/esp32/i2c_periph.c.o
[0mCompiling .pioenvs/esp32-10-ant/bootloader/soc/esp32/timer_periph.c.o
[0mCompiling .pioenvs/esp32-10-ant/bootloader/soc/esp32/lcd_periph.c.o
[0mCompiling .pioenvs/esp32-10-ant/bootloader/soc/esp32/mcpwm_periph.c.o
[0mCompiling .pioenvs/esp32-10-ant/bootloader/soc/esp32/mpi_periph.c.o
[0mCompiling .pioenvs/esp32-10-ant/bootloader/soc/esp32/sdmmc_periph.c.o
[0mCompiling .pioenvs/esp32-10-ant/bootloader/soc/esp32/touch_sensor_periph.c.o
[0mCompiling .pioenvs/esp32-10-ant/bootloader/soc/esp32/twai_periph.c.o
[0mCompiling .pioenvs/esp32-10-ant/bootloader/soc/esp32/wdt_periph.c.o
[0mCompiling .pioenvs/esp32-10-ant/bootloader/soc/esp32/dac_periph.c.o
[0mArchiving .pioenvs/esp32-10-ant/bootloader/esp-idf/micro-ecc/libmicro-ecc.a
[0mIndexing .pioenvs/esp32-10-ant/bootloader/esp-idf/micro-ecc/libmicro-ecc.a
[0mCompiling .pioenvs/esp32-10-ant/bootloader/soc/esp32/rtc_io_periph.c.o
[0mCompiling .pioenvs/esp32-10-ant/bootloader/soc/esp32/sdio_slave_periph.c.o
[0mCompiling .pioenvs/esp32-10-ant/bootloader/soc/esp32/power_supply_periph.c.o
[0mCompiling .pioenvs/esp32-10-ant/bootloader/spi_flash/spi_flash_wrap.c.o
[0mGenerating partitions .pioenvs/esp32-10-ant/partitions.bin
[0mArchiving .pioenvs/esp32-10-ant/bootloader/esp-idf/soc/libsoc.a
[0mArchiving .pioenvs/esp32-10-ant/bootloader/esp-idf/spi_flash/libspi_flash.a
[0mIndexing .pioenvs/esp32-10-ant/bootloader/esp-idf/soc/libsoc.a
[0mIndexing .pioenvs/esp32-10-ant/bootloader/esp-idf/spi_flash/libspi_flash.a
[0mGenerating an empty partition .pioenvs/esp32-10-ant/ota_data_initial.bin
[0mLinking .pioenvs/esp32-10-ant/bootloader.elf
[0mBuilding .pioenvs/esp32-10-ant/bootloader.bin
[0mCreating ESP32 image...
[0mSuccessfully created ESP32 image.
[0mLinking .pioenvs/esp32-10-ant/firmware.elf
[0m                            Memory Type Usage Summary                             
[0m┏━━━━━━━━━━━━━━━━━━━━━┳━━━━━━━━━━━━━━┳━━━━━━━━━━┳━━━━━━━━━━━━━━━━┳━━━━━━━━━━━━━━━┓
┃ Memory Type/Section ┃ Used [bytes] ┃ Used [%] ┃ Remain [bytes] ┃ Total [bytes] ┃
[0m┡━━━━━━━━━━━━━━━━━━━━━╇━━━━━━━━━━━━━━╇━━━━━━━━━━╇━━━━━━━━━━━━━━━━╇━━━━━━━━━━━━━━━┩
│ Flash Code          │       974880 │          │                │               │
[0m│    .text            │       974880 │          │                │               │
[0m│ Flash Data          │       188724 │          │                │               │
[0m│    .rodata          │       188468 │          │                │               │
[0m│    .appdesc         │          256 │          │                │               │
[0m│ IRAM                │       107451 │    81.98 │          23621 │        131072 │
[0m│    .text            │       106423 │    81.19 │                │               │
[0m│    .vectors         │         1028 │     0.78 │                │               │
[0m│ DRAM                │        71664 │    57.52 │          52916 │        124580 │
[0m│    .bss             │        49040 │    39.36 │                │               │
[0m│    .data            │        22472 │    18.04 │                │               │
[0m│    .noinit          │          152 │     0.12 │                │               │
[0m└─────────────────────┴──────────────┴──────────┴────────────────┴───────────────┘
[33mTotal image size: 1293527 bytes (.bin may be padded larger)
[0m[33mNote: The reported total sizes may be smaller than those in the technical reference manual due to reserved memory and application configuration. The total flash size available for the application is not included by default, as it cannot be reliably determined due to the presence of other data like the bootloader, partition table, and application partition size.
[0mRAM:   [==        ]  21.9% (used 71664 bytes from 327680 bytes)
[0mFlash: [=======   ]  70.5% (used 1293271 bytes from 1835008 bytes)
Building .pioenvs/esp32-10-ant/firmware.bin
[0mCreating ESP32 image...
[0mSuccessfully created ESP32 image.
[0mCreating binary "firmware.factory.bin" with:
[0m    Offset   | File
[0m -  0x1000   | bootloader.bin
[0m -  0x8000   | partitions.bin
[0m -  0x9000   | ota_data_initial.bin
[0m -  0x10000  | firmware.bin
Successfully created combined binary image.
[0msign_firmware([".pioenvs/esp32-10-ant/firmware.bin"], [".pioenvs/esp32-10-ant/firmware.elf"])
[0mmerge_factory_bin([".pioenvs/esp32-10-ant/firmware.bin"], [".pioenvs/esp32-10-ant/firmware.elf"])
[0mInfo: bootloader.bin not found - skipping
[0mInfo: partition-table.bin not found - skipping
[0mInfo: ota_data_initial.bin not found - skipping
[0mInfo: esp32-10-ant.bin not found - skipping
[0mUsing FLASH_EXTRA_IMAGES from PlatformIO environment
[0mMerging binaries into /config/esphome/.esphome/build/esp32-10-ant/.pioenvs/esp32-10-ant/firmware.factory.bin
[0mMerging binaries with esptool
[0mSHA digest in image updated.
[0mWrote 0x14bd70 bytes to file '/config/esphome/.esphome/build/esp32-10-ant/.pioenvs/esp32-10-ant/firmware.factory.bin', ready to flash to offset 0x0.
[0mSuccessfully created /config/esphome/.esphome/build/esp32-10-ant/.pioenvs/esp32-10-ant/firmware.factory.bin
[0mesp32_copy_ota_bin([".pioenvs/esp32-10-ant/firmware.bin"], [".pioenvs/esp32-10-ant/firmware.elf"])
[0mCopied firmware to /config/esphome/.esphome/build/esp32-10-ant/.pioenvs/esp32-10-ant/firmware.ota.bin
[0m======================== [[32m[1mSUCCESS[0m] Took 154.35 seconds ========================[0m
[33mUsing Python 3.12.10 environment at: /root/.platformio/penv/.espidf-5.5.4
INFO Build Info: config_hash=0x61fea134 build_time_str=2026-08-17 22:47:54 +0300
INFO Successfully compiled program.
INFO Connecting to 192.168.0.173 port 3232...
INFO Connected to 192.168.0.173
INFO Uploading /config/esphome/.esphome/build/esp32-10-ant/.pioenvs/esp32-10-ant/firmware.bin (1293680 bytes)
INFO Upload took 8.06 seconds, waiting for result...
INFO OTA successful
INFO Successfully uploaded program.
